# Бипланная коробка Ан-2 - расчётная модель (оси: X назад, Y вправо, Z вверх; м)
v 0.0000 2.1000 -0.6600
v 0.0114 2.1539 -0.6600
v 0.0454 2.2037 -0.6600
v 0.1014 2.2483 -0.6600
v 0.1783 2.2864 -0.6600
v 0.2748 2.3167 -0.6600
v 0.3889 2.3385 -0.6600
v 0.5186 2.3512 -0.6600
v 0.6614 2.3550 -0.6600
v 0.8148 2.3506 -0.6600
v 0.9758 2.3391 -0.6600
v 1.1414 2.3218 -0.6600
v 1.3086 2.3004 -0.6600
v 1.4742 2.2761 -0.6600
v 1.6352 2.2504 -0.6600
v 1.7886 2.2245 -0.6600
v 1.9314 2.1992 -0.6600
v 2.0611 2.1755 -0.6600
v 2.1752 2.1541 -0.6600
v 2.2717 2.1355 -0.6600
v 2.3486 2.1204 -0.6600
v 2.4046 2.1092 -0.6600
v 2.4386 2.1023 -0.6600
v 2.4500 2.1000 -0.6600
v 2.4386 2.1000 -0.6600
v 2.4046 2.1000 -0.6600
v 2.3486 2.0998 -0.6600
v 2.2717 2.0995 -0.6600
v 2.1752 2.0988 -0.6600
v 2.0611 2.0976 -0.6600
v 1.9314 2.0959 -0.6600
v 1.7886 2.0936 -0.6600
v 1.6352 2.0906 -0.6600
v 1.4742 2.0871 -0.6600
v 1.3086 2.0832 -0.6600
v 1.1414 2.0790 -0.6600
v 0.9758 2.0750 -0.6600
v 0.8148 2.0715 -0.6600
v 0.6614 2.0688 -0.6600
v 0.5186 2.0673 -0.6600
v 0.3889 2.0674 -0.6600
v 0.2748 2.0691 -0.6600
v 0.1783 2.0725 -0.6600
v 0.1014 2.0776 -0.6600
v 0.0454 2.0840 -0.6600
v 0.0114 2.0916 -0.6600
v 0.0000 2.1173 -0.9900
v 0.0114 2.1712 -0.9900
v 0.0454 2.2210 -0.9900
v 0.1014 2.2656 -0.9900
v 0.1783 2.3037 -0.9900
v 0.2748 2.3340 -0.9900
v 0.3889 2.3558 -0.9900
v 0.5186 2.3685 -0.9900
v 0.6614 2.3723 -0.9900
v 0.8148 2.3679 -0.9900
v 0.9758 2.3564 -0.9900
v 1.1414 2.3391 -0.9900
v 1.3086 2.3177 -0.9900
v 1.4742 2.2934 -0.9900
v 1.6352 2.2677 -0.9900
v 1.7886 2.2418 -0.9900
v 1.9314 2.2165 -0.9900
v 2.0611 2.1928 -0.9900
v 2.1752 2.1714 -0.9900
v 2.2717 2.1528 -0.9900
v 2.3486 2.1377 -0.9900
v 2.4046 2.1265 -0.9900
v 2.4386 2.1196 -0.9900
v 2.4500 2.1173 -0.9900
v 2.4386 2.1173 -0.9900
v 2.4046 2.1173 -0.9900
v 2.3486 2.1171 -0.9900
v 2.2717 2.1168 -0.9900
v 2.1752 2.1161 -0.9900
v 2.0611 2.1149 -0.9900
v 1.9314 2.1132 -0.9900
v 1.7886 2.1109 -0.9900
v 1.6352 2.1079 -0.9900
v 1.4742 2.1044 -0.9900
v 1.3086 2.1005 -0.9900
v 1.1414 2.0963 -0.9900
v 0.9758 2.0923 -0.9900
v 0.8148 2.0888 -0.9900
v 0.6614 2.0861 -0.9900
v 0.5186 2.0846 -0.9900
v 0.3889 2.0847 -0.9900
v 0.2748 2.0864 -0.9900
v 0.1783 2.0898 -0.9900
v 0.1014 2.0949 -0.9900
v 0.0454 2.1013 -0.9900
v 0.0114 2.1089 -0.9900
v 0.0000 2.1346 -1.3200
v 0.0114 2.1885 -1.3200
v 0.0454 2.2383 -1.3200
v 0.1014 2.2829 -1.3200
v 0.1783 2.3210 -1.3200
v 0.2748 2.3513 -1.3200
v 0.3889 2.3731 -1.3200
v 0.5186 2.3858 -1.3200
v 0.6614 2.3896 -1.3200
v 0.8148 2.3852 -1.3200
v 0.9758 2.3737 -1.3200
v 1.1414 2.3564 -1.3200
v 1.3086 2.3349 -1.3200
v 1.4742 2.3107 -1.3200
v 1.6352 2.2850 -1.3200
v 1.7886 2.2591 -1.3200
v 1.9314 2.2338 -1.3200
v 2.0611 2.2101 -1.3200
v 2.1752 2.1887 -1.3200
v 2.2717 2.1701 -1.3200
v 2.3486 2.1550 -1.3200
v 2.4046 2.1438 -1.3200
v 2.4386 2.1369 -1.3200
v 2.4500 2.1346 -1.3200
v 2.4386 2.1346 -1.3200
v 2.4046 2.1346 -1.3200
v 2.3486 2.1344 -1.3200
v 2.2717 2.1341 -1.3200
v 2.1752 2.1334 -1.3200
v 2.0611 2.1322 -1.3200
v 1.9314 2.1305 -1.3200
v 1.7886 2.1282 -1.3200
v 1.6352 2.1252 -1.3200
v 1.4742 2.1217 -1.3200
v 1.3086 2.1178 -1.3200
v 1.1414 2.1136 -1.3200
v 0.9758 2.1096 -1.3200
v 0.8148 2.1061 -1.3200
v 0.6614 2.1034 -1.3200
v 0.5186 2.1019 -1.3200
v 0.3889 2.1019 -1.3200
v 0.2748 2.1037 -1.3200
v 0.1783 2.1071 -1.3200
v 0.1014 2.1121 -1.3200
v 0.0454 2.1186 -1.3200
v 0.0114 2.1262 -1.3200
v 0.0000 2.1560 -1.7280
v 0.0114 2.2099 -1.7280
v 0.0454 2.2597 -1.7280
v 0.1014 2.3043 -1.7280
v 0.1783 2.3423 -1.7280
v 0.2748 2.3727 -1.7280
v 0.3889 2.3944 -1.7280
v 0.5186 2.4072 -1.7280
v 0.6614 2.4110 -1.7280
v 0.8148 2.4066 -1.7280
v 0.9758 2.3951 -1.7280
v 1.1414 2.3778 -1.7280
v 1.3086 2.3563 -1.7280
v 1.4742 2.3321 -1.7280
v 1.6352 2.3064 -1.7280
v 1.7886 2.2805 -1.7280
v 1.9314 2.2552 -1.7280
v 2.0611 2.2315 -1.7280
v 2.1752 2.2100 -1.7280
v 2.2717 2.1915 -1.7280
v 2.3486 2.1763 -1.7280
v 2.4046 2.1652 -1.7280
v 2.4386 2.1583 -1.7280
v 2.4500 2.1560 -1.7280
v 2.4386 2.1560 -1.7280
v 2.4046 2.1559 -1.7280
v 2.3486 2.1558 -1.7280
v 2.2717 2.1554 -1.7280
v 2.1752 2.1548 -1.7280
v 2.0611 2.1536 -1.7280
v 1.9314 2.1519 -1.7280
v 1.7886 2.1495 -1.7280
v 1.6352 2.1466 -1.7280
v 1.4742 2.1431 -1.7280
v 1.3086 2.1391 -1.7280
v 1.1414 2.1350 -1.7280
v 0.9758 2.1310 -1.7280
v 0.8148 2.1275 -1.7280
v 0.6614 2.1248 -1.7280
v 0.5186 2.1233 -1.7280
v 0.3889 2.1233 -1.7280
v 0.2748 2.1250 -1.7280
v 0.1783 2.1285 -1.7280
v 0.1014 2.1335 -1.7280
v 0.0454 2.1400 -1.7280
v 0.0114 2.1476 -1.7280
v 0.0000 2.1774 -2.1360
v 0.0114 2.2313 -2.1360
v 0.0454 2.2811 -2.1360
v 0.1014 2.3256 -2.1360
v 0.1783 2.3637 -2.1360
v 0.2748 2.3941 -2.1360
v 0.3889 2.4158 -2.1360
v 0.5186 2.4286 -2.1360
v 0.6614 2.4324 -2.1360
v 0.8148 2.4280 -2.1360
v 0.9758 2.4165 -2.1360
v 1.1414 2.3992 -2.1360
v 1.3086 2.3777 -2.1360
v 1.4742 2.3535 -2.1360
v 1.6352 2.3278 -2.1360
v 1.7886 2.3018 -2.1360
v 1.9314 2.2766 -2.1360
v 2.0611 2.2529 -2.1360
v 2.1752 2.2314 -2.1360
v 2.2717 2.2128 -2.1360
v 2.3486 2.1977 -2.1360
v 2.4046 2.1865 -2.1360
v 2.4386 2.1797 -2.1360
v 2.4500 2.1774 -2.1360
v 2.4386 2.1774 -2.1360
v 2.4046 2.1773 -2.1360
v 2.3486 2.1772 -2.1360
v 2.2717 2.1768 -2.1360
v 2.1752 2.1761 -2.1360
v 2.0611 2.1750 -2.1360
v 1.9314 2.1733 -2.1360
v 1.7886 2.1709 -2.1360
v 1.6352 2.1680 -2.1360
v 1.4742 2.1645 -2.1360
v 1.3086 2.1605 -2.1360
v 1.1414 2.1564 -2.1360
v 0.9758 2.1524 -2.1360
v 0.8148 2.1488 -2.1360
v 0.6614 2.1462 -2.1360
v 0.5186 2.1447 -2.1360
v 0.3889 2.1447 -2.1360
v 0.2748 2.1464 -2.1360
v 0.1783 2.1499 -2.1360
v 0.1014 2.1549 -2.1360
v 0.0454 2.1614 -2.1360
v 0.0114 2.1690 -2.1360
v 0.0000 2.1987 -2.5440
v 0.0114 2.2526 -2.5440
v 0.0454 2.3025 -2.5440
v 0.1014 2.3470 -2.5440
v 0.1783 2.3851 -2.5440
v 0.2748 2.4155 -2.5440
v 0.3889 2.4372 -2.5440
v 0.5186 2.4499 -2.5440
v 0.6614 2.4538 -2.5440
v 0.8148 2.4494 -2.5440
v 0.9758 2.4378 -2.5440
v 1.1414 2.4206 -2.5440
v 1.3086 2.3991 -2.5440
v 1.4742 2.3748 -2.5440
v 1.6352 2.3492 -2.5440
v 1.7886 2.3232 -2.5440
v 1.9314 2.2980 -2.5440
v 2.0611 2.2743 -2.5440
v 2.1752 2.2528 -2.5440
v 2.2717 2.2342 -2.5440
v 2.3486 2.2191 -2.5440
v 2.4046 2.2079 -2.5440
v 2.4386 2.2011 -2.5440
v 2.4500 2.1987 -2.5440
v 2.4386 2.1987 -2.5440
v 2.4046 2.1987 -2.5440
v 2.3486 2.1986 -2.5440
v 2.2717 2.1982 -2.5440
v 2.1752 2.1975 -2.5440
v 2.0611 2.1964 -2.5440
v 1.9314 2.1946 -2.5440
v 1.7886 2.1923 -2.5440
v 1.6352 2.1894 -2.5440
v 1.4742 2.1858 -2.5440
v 1.3086 2.1819 -2.5440
v 1.1414 2.1778 -2.5440
v 0.9758 2.1738 -2.5440
v 0.8148 2.1702 -2.5440
v 0.6614 2.1675 -2.5440
v 0.5186 2.1661 -2.5440
v 0.3889 2.1661 -2.5440
v 0.2748 2.1678 -2.5440
v 0.1783 2.1712 -2.5440
v 0.1014 2.1763 -2.5440
v 0.0454 2.1828 -2.5440
v 0.0114 2.1903 -2.5440
v 0.0000 2.2201 -2.9520
v 0.0114 2.2740 -2.9520
v 0.0454 2.3238 -2.9520
v 0.1014 2.3684 -2.9520
v 0.1783 2.4065 -2.9520
v 0.2748 2.4368 -2.9520
v 0.3889 2.4586 -2.9520
v 0.5186 2.4713 -2.9520
v 0.6614 2.4751 -2.9520
v 0.8148 2.4707 -2.9520
v 0.9758 2.4592 -2.9520
v 1.1414 2.4420 -2.9520
v 1.3086 2.4205 -2.9520
v 1.4742 2.3962 -2.9520
v 1.6352 2.3706 -2.9520
v 1.7886 2.3446 -2.9520
v 1.9314 2.3194 -2.9520
v 2.0611 2.2956 -2.9520
v 2.1752 2.2742 -2.9520
v 2.2717 2.2556 -2.9520
v 2.3486 2.2405 -2.9520
v 2.4046 2.2293 -2.9520
v 2.4386 2.2224 -2.9520
v 2.4500 2.2201 -2.9520
v 2.4386 2.2201 -2.9520
v 2.4046 2.2201 -2.9520
v 2.3486 2.2199 -2.9520
v 2.2717 2.2196 -2.9520
v 2.1752 2.2189 -2.9520
v 2.0611 2.2177 -2.9520
v 1.9314 2.2160 -2.9520
v 1.7886 2.2137 -2.9520
v 1.6352 2.2107 -2.9520
v 1.4742 2.2072 -2.9520
v 1.3086 2.2033 -2.9520
v 1.1414 2.1992 -2.9520
v 0.9758 2.1952 -2.9520
v 0.8148 2.1916 -2.9520
v 0.6614 2.1889 -2.9520
v 0.5186 2.1874 -2.9520
v 0.3889 2.1875 -2.9520
v 0.2748 2.1892 -2.9520
v 0.1783 2.1926 -2.9520
v 0.1014 2.1977 -2.9520
v 0.0454 2.2041 -2.9520
v 0.0114 2.2117 -2.9520
v 0.0000 2.2415 -3.3600
v 0.0114 2.2954 -3.3600
v 0.0454 2.3452 -3.3600
v 0.1014 2.3898 -3.3600
v 0.1783 2.4279 -3.3600
v 0.2748 2.4582 -3.3600
v 0.3889 2.4800 -3.3600
v 0.5186 2.4927 -3.3600
v 0.6614 2.4965 -3.3600
v 0.8148 2.4921 -3.3600
v 0.9758 2.4806 -3.3600
v 1.1414 2.4633 -3.3600
v 1.3086 2.4419 -3.3600
v 1.4742 2.4176 -3.3600
v 1.6352 2.3919 -3.3600
v 1.7886 2.3660 -3.3600
v 1.9314 2.3407 -3.3600
v 2.0611 2.3170 -3.3600
v 2.1752 2.2956 -3.3600
v 2.2717 2.2770 -3.3600
v 2.3486 2.2619 -3.3600
v 2.4046 2.2507 -3.3600
v 2.4386 2.2438 -3.3600
v 2.4500 2.2415 -3.3600
v 2.4386 2.2415 -3.3600
v 2.4046 2.2415 -3.3600
v 2.3486 2.2413 -3.3600
v 2.2717 2.2410 -3.3600
v 2.1752 2.2403 -3.3600
v 2.0611 2.2391 -3.3600
v 1.9314 2.2374 -3.3600
v 1.7886 2.2351 -3.3600
v 1.6352 2.2321 -3.3600
v 1.4742 2.2286 -3.3600
v 1.3086 2.2247 -3.3600
v 1.1414 2.2205 -3.3600
v 0.9758 2.2165 -3.3600
v 0.8148 2.2130 -3.3600
v 0.6614 2.2103 -3.3600
v 0.5186 2.2088 -3.3600
v 0.3889 2.2089 -3.3600
v 0.2748 2.2106 -3.3600
v 0.1783 2.2140 -3.3600
v 0.1014 2.2191 -3.3600
v 0.0454 2.2255 -3.3600
v 0.0114 2.2331 -3.3600
v 0.0000 2.2629 -3.7680
v 0.0114 2.3168 -3.7680
v 0.0454 2.3666 -3.7680
v 0.1014 2.4112 -3.7680
v 0.1783 2.4492 -3.7680
v 0.2748 2.4796 -3.7680
v 0.3889 2.5014 -3.7680
v 0.5186 2.5141 -3.7680
v 0.6614 2.5179 -3.7680
v 0.8148 2.5135 -3.7680
v 0.9758 2.5020 -3.7680
v 1.1414 2.4847 -3.7680
v 1.3086 2.4632 -3.7680
v 1.4742 2.4390 -3.7680
v 1.6352 2.4133 -3.7680
v 1.7886 2.3874 -3.7680
v 1.9314 2.3621 -3.7680
v 2.0611 2.3384 -3.7680
v 2.1752 2.3170 -3.7680
v 2.2717 2.2984 -3.7680
v 2.3486 2.2833 -3.7680
v 2.4046 2.2721 -3.7680
v 2.4386 2.2652 -3.7680
v 2.4500 2.2629 -3.7680
v 2.4386 2.2629 -3.7680
v 2.4046 2.2628 -3.7680
v 2.3486 2.2627 -3.7680
v 2.2717 2.2624 -3.7680
v 2.1752 2.2617 -3.7680
v 2.0611 2.2605 -3.7680
v 1.9314 2.2588 -3.7680
v 1.7886 2.2565 -3.7680
v 1.6352 2.2535 -3.7680
v 1.4742 2.2500 -3.7680
v 1.3086 2.2461 -3.7680
v 1.1414 2.2419 -3.7680
v 0.9758 2.2379 -3.7680
v 0.8148 2.2344 -3.7680
v 0.6614 2.2317 -3.7680
v 0.5186 2.2302 -3.7680
v 0.3889 2.2302 -3.7680
v 0.2748 2.2320 -3.7680
v 0.1783 2.2354 -3.7680
v 0.1014 2.2404 -3.7680
v 0.0454 2.2469 -3.7680
v 0.0114 2.2545 -3.7680
v 0.0000 2.2843 -4.1760
v 0.0114 2.3382 -4.1760
v 0.0454 2.3880 -4.1760
v 0.1014 2.4326 -4.1760
v 0.1783 2.4706 -4.1760
v 0.2748 2.5010 -4.1760
v 0.3889 2.5227 -4.1760
v 0.5186 2.5355 -4.1760
v 0.6614 2.5393 -4.1760
v 0.8148 2.5349 -4.1760
v 0.9758 2.5234 -4.1760
v 1.1414 2.5061 -4.1760
v 1.3086 2.4846 -4.1760
v 1.4742 2.4604 -4.1760
v 1.6352 2.4347 -4.1760
v 1.7886 2.4088 -4.1760
v 1.9314 2.3835 -4.1760
v 2.0611 2.3598 -4.1760
v 2.1752 2.3383 -4.1760
v 2.2717 2.3198 -4.1760
v 2.3486 2.3046 -4.1760
v 2.4046 2.2935 -4.1760
v 2.4386 2.2866 -4.1760
v 2.4500 2.2843 -4.1760
v 2.4386 2.2843 -4.1760
v 2.4046 2.2842 -4.1760
v 2.3486 2.2841 -4.1760
v 2.2717 2.2837 -4.1760
v 2.1752 2.2830 -4.1760
v 2.0611 2.2819 -4.1760
v 1.9314 2.2802 -4.1760
v 1.7886 2.2778 -4.1760
v 1.6352 2.2749 -4.1760
v 1.4742 2.2714 -4.1760
v 1.3086 2.2674 -4.1760
v 1.1414 2.2633 -4.1760
v 0.9758 2.2593 -4.1760
v 0.8148 2.2558 -4.1760
v 0.6614 2.2531 -4.1760
v 0.5186 2.2516 -4.1760
v 0.3889 2.2516 -4.1760
v 0.2748 2.2533 -4.1760
v 0.1783 2.2568 -4.1760
v 0.1014 2.2618 -4.1760
v 0.0454 2.2683 -4.1760
v 0.0114 2.2759 -4.1760
v 0.0000 2.3056 -4.5840
v 0.0114 2.3596 -4.5840
v 0.0454 2.4094 -4.5840
v 0.1014 2.4539 -4.5840
v 0.1783 2.4920 -4.5840
v 0.2748 2.5224 -4.5840
v 0.3889 2.5441 -4.5840
v 0.5186 2.5568 -4.5840
v 0.6614 2.5607 -4.5840
v 0.8148 2.5563 -4.5840
v 0.9758 2.5447 -4.5840
v 1.1414 2.5275 -4.5840
v 1.3086 2.5060 -4.5840
v 1.4742 2.4818 -4.5840
v 1.6352 2.4561 -4.5840
v 1.7886 2.4301 -4.5840
v 1.9314 2.4049 -4.5840
v 2.0611 2.3812 -4.5840
v 2.1752 2.3597 -4.5840
v 2.2717 2.3411 -4.5840
v 2.3486 2.3260 -4.5840
v 2.4046 2.3148 -4.5840
v 2.4386 2.3080 -4.5840
v 2.4500 2.3056 -4.5840
v 2.4386 2.3056 -4.5840
v 2.4046 2.3056 -4.5840
v 2.3486 2.3055 -4.5840
v 2.2717 2.3051 -4.5840
v 2.1752 2.3044 -4.5840
v 2.0611 2.3033 -4.5840
v 1.9314 2.3016 -4.5840
v 1.7886 2.2992 -4.5840
v 1.6352 2.2963 -4.5840
v 1.4742 2.2927 -4.5840
v 1.3086 2.2888 -4.5840
v 1.1414 2.2847 -4.5840
v 0.9758 2.2807 -4.5840
v 0.8148 2.2771 -4.5840
v 0.6614 2.2745 -4.5840
v 0.5186 2.2730 -4.5840
v 0.3889 2.2730 -4.5840
v 0.2748 2.2747 -4.5840
v 0.1783 2.2781 -4.5840
v 0.1014 2.2832 -4.5840
v 0.0454 2.2897 -4.5840
v 0.0114 2.2973 -4.5840
v 0.0000 2.3270 -4.9920
v 0.0114 2.3809 -4.9920
v 0.0454 2.4307 -4.9920
v 0.1014 2.4753 -4.9920
v 0.1783 2.5134 -4.9920
v 0.2748 2.5438 -4.9920
v 0.3889 2.5655 -4.9920
v 0.5186 2.5782 -4.9920
v 0.6614 2.5821 -4.9920
v 0.8148 2.5777 -4.9920
v 0.9758 2.5661 -4.9920
v 1.1414 2.5489 -4.9920
v 1.3086 2.5274 -4.9920
v 1.4742 2.5031 -4.9920
v 1.6352 2.4775 -4.9920
v 1.7886 2.4515 -4.9920
v 1.9314 2.4263 -4.9920
v 2.0611 2.4026 -4.9920
v 2.1752 2.3811 -4.9920
v 2.2717 2.3625 -4.9920
v 2.3486 2.3474 -4.9920
v 2.4046 2.3362 -4.9920
v 2.4386 2.3293 -4.9920
v 2.4500 2.3270 -4.9920
v 2.4386 2.3270 -4.9920
v 2.4046 2.3270 -4.9920
v 2.3486 2.3269 -4.9920
v 2.2717 2.3265 -4.9920
v 2.1752 2.3258 -4.9920
v 2.0611 2.3247 -4.9920
v 1.9314 2.3229 -4.9920
v 1.7886 2.3206 -4.9920
v 1.6352 2.3176 -4.9920
v 1.4742 2.3141 -4.9920
v 1.3086 2.3102 -4.9920
v 1.1414 2.3061 -4.9920
v 0.9758 2.3021 -4.9920
v 0.8148 2.2985 -4.9920
v 0.6614 2.2958 -4.9920
v 0.5186 2.2944 -4.9920
v 0.3889 2.2944 -4.9920
v 0.2748 2.2961 -4.9920
v 0.1783 2.2995 -4.9920
v 0.1014 2.3046 -4.9920
v 0.0454 2.3111 -4.9920
v 0.0114 2.3186 -4.9920
v 0.0000 2.3484 -5.4000
v 0.0114 2.4023 -5.4000
v 0.0454 2.4521 -5.4000
v 0.1014 2.4967 -5.4000
v 0.1783 2.5348 -5.4000
v 0.2748 2.5651 -5.4000
v 0.3889 2.5869 -5.4000
v 0.5186 2.5996 -5.4000
v 0.6614 2.6034 -5.4000
v 0.8148 2.5990 -5.4000
v 0.9758 2.5875 -5.4000
v 1.1414 2.5703 -5.4000
v 1.3086 2.5488 -5.4000
v 1.4742 2.5245 -5.4000
v 1.6352 2.4988 -5.4000
v 1.7886 2.4729 -5.4000
v 1.9314 2.4477 -5.4000
v 2.0611 2.4239 -5.4000
v 2.1752 2.4025 -5.4000
v 2.2717 2.3839 -5.4000
v 2.3486 2.3688 -5.4000
v 2.4046 2.3576 -5.4000
v 2.4386 2.3507 -5.4000
v 2.4500 2.3484 -5.4000
v 2.4386 2.3484 -5.4000
v 2.4046 2.3484 -5.4000
v 2.3486 2.3482 -5.4000
v 2.2717 2.3479 -5.4000
v 2.1752 2.3472 -5.4000
v 2.0611 2.3460 -5.4000
v 1.9314 2.3443 -5.4000
v 1.7886 2.3420 -5.4000
v 1.6352 2.3390 -5.4000
v 1.4742 2.3355 -5.4000
v 1.3086 2.3316 -5.4000
v 1.1414 2.3275 -5.4000
v 0.9758 2.3234 -5.4000
v 0.8148 2.3199 -5.4000
v 0.6614 2.3172 -5.4000
v 0.5186 2.3157 -5.4000
v 0.3889 2.3158 -5.4000
v 0.2748 2.3175 -5.4000
v 0.1783 2.3209 -5.4000
v 0.1014 2.3260 -5.4000
v 0.0454 2.3324 -5.4000
v 0.0114 2.3400 -5.4000
v 0.0000 2.3709 -5.8295
v 0.0114 2.4248 -5.8295
v 0.0454 2.4746 -5.8295
v 0.1014 2.5192 -5.8295
v 0.1783 2.5573 -5.8295
v 0.2748 2.5876 -5.8295
v 0.3889 2.6094 -5.8295
v 0.5186 2.6221 -5.8295
v 0.6614 2.6259 -5.8295
v 0.8148 2.6215 -5.8295
v 0.9758 2.6100 -5.8295
v 1.1414 2.5928 -5.8295
v 1.3086 2.5713 -5.8295
v 1.4742 2.5470 -5.8295
v 1.6352 2.5214 -5.8295
v 1.7886 2.4954 -5.8295
v 1.9314 2.4702 -5.8295
v 2.0611 2.4465 -5.8295
v 2.1752 2.4250 -5.8295
v 2.2717 2.4064 -5.8295
v 2.3486 2.3913 -5.8295
v 2.4046 2.3801 -5.8295
v 2.4386 2.3732 -5.8295
v 2.4500 2.3709 -5.8295
v 2.4386 2.3709 -5.8295
v 2.4046 2.3709 -5.8295
v 2.3486 2.3707 -5.8295
v 2.2717 2.3704 -5.8295
v 2.1752 2.3697 -5.8295
v 2.0611 2.3685 -5.8295
v 1.9314 2.3668 -5.8295
v 1.7886 2.3645 -5.8295
v 1.6352 2.3615 -5.8295
v 1.4742 2.3580 -5.8295
v 1.3086 2.3541 -5.8295
v 1.1414 2.3500 -5.8295
v 0.9758 2.3460 -5.8295
v 0.8148 2.3424 -5.8295
v 0.6614 2.3397 -5.8295
v 0.5186 2.3383 -5.8295
v 0.3889 2.3383 -5.8295
v 0.2748 2.3400 -5.8295
v 0.1783 2.3434 -5.8295
v 0.1014 2.3485 -5.8295
v 0.0454 2.3549 -5.8295
v 0.0114 2.3625 -5.8295
v 0.0000 2.3934 -6.2590
v 0.0114 2.4473 -6.2590
v 0.0454 2.4971 -6.2590
v 0.1014 2.5417 -6.2590
v 0.1783 2.5798 -6.2590
v 0.2748 2.6102 -6.2590
v 0.3889 2.6319 -6.2590
v 0.5186 2.6446 -6.2590
v 0.6614 2.6485 -6.2590
v 0.8148 2.6441 -6.2590
v 0.9758 2.6325 -6.2590
v 1.1414 2.6153 -6.2590
v 1.3086 2.5938 -6.2590
v 1.4742 2.5695 -6.2590
v 1.6352 2.5439 -6.2590
v 1.7886 2.5179 -6.2590
v 1.9314 2.4927 -6.2590
v 2.0611 2.4690 -6.2590
v 2.1752 2.4475 -6.2590
v 2.2717 2.4289 -6.2590
v 2.3486 2.4138 -6.2590
v 2.4046 2.4026 -6.2590
v 2.4386 2.3957 -6.2590
v 2.4500 2.3934 -6.2590
v 2.4386 2.3934 -6.2590
v 2.4046 2.3934 -6.2590
v 2.3486 2.3933 -6.2590
v 2.2717 2.3929 -6.2590
v 2.1752 2.3922 -6.2590
v 2.0611 2.3911 -6.2590
v 1.9314 2.3893 -6.2590
v 1.7886 2.3870 -6.2590
v 1.6352 2.3840 -6.2590
v 1.4742 2.3805 -6.2590
v 1.3086 2.3766 -6.2590
v 1.1414 2.3725 -6.2590
v 0.9758 2.3685 -6.2590
v 0.8148 2.3649 -6.2590
v 0.6614 2.3622 -6.2590
v 0.5186 2.3608 -6.2590
v 0.3889 2.3608 -6.2590
v 0.2748 2.3625 -6.2590
v 0.1783 2.3659 -6.2590
v 0.1014 2.3710 -6.2590
v 0.0454 2.3775 -6.2590
v 0.0114 2.3850 -6.2590
v 0.0000 2.4159 -6.6885
v 0.0114 2.4698 -6.6885
v 0.0454 2.5197 -6.6885
v 0.1014 2.5642 -6.6885
v 0.1783 2.6023 -6.6885
v 0.2748 2.6327 -6.6885
v 0.3889 2.6544 -6.6885
v 0.5186 2.6671 -6.6885
v 0.6614 2.6710 -6.6885
v 0.8148 2.6666 -6.6885
v 0.9758 2.6550 -6.6885
v 1.1414 2.6378 -6.6885
v 1.3086 2.6163 -6.6885
v 1.4742 2.5920 -6.6885
v 1.6352 2.5664 -6.6885
v 1.7886 2.5404 -6.6885
v 1.9314 2.5152 -6.6885
v 2.0611 2.4915 -6.6885
v 2.1752 2.4700 -6.6885
v 2.2717 2.4514 -6.6885
v 2.3486 2.4363 -6.6885
v 2.4046 2.4251 -6.6885
v 2.4386 2.4183 -6.6885
v 2.4500 2.4159 -6.6885
v 2.4386 2.4159 -6.6885
v 2.4046 2.4159 -6.6885
v 2.3486 2.4158 -6.6885
v 2.2717 2.4154 -6.6885
v 2.1752 2.4147 -6.6885
v 2.0611 2.4136 -6.6885
v 1.9314 2.4119 -6.6885
v 1.7886 2.4095 -6.6885
v 1.6352 2.4066 -6.6885
v 1.4742 2.4030 -6.6885
v 1.3086 2.3991 -6.6885
v 1.1414 2.3950 -6.6885
v 0.9758 2.3910 -6.6885
v 0.8148 2.3874 -6.6885
v 0.6614 2.3847 -6.6885
v 0.5186 2.3833 -6.6885
v 0.3889 2.3833 -6.6885
v 0.2748 2.3850 -6.6885
v 0.1783 2.3884 -6.6885
v 0.1014 2.3935 -6.6885
v 0.0454 2.4000 -6.6885
v 0.0114 2.4075 -6.6885
v 0.0000 2.4384 -7.1180
v 0.0114 2.4924 -7.1180
v 0.0454 2.5422 -7.1180
v 0.1014 2.5867 -7.1180
v 0.1783 2.6248 -7.1180
v 0.2748 2.6552 -7.1180
v 0.3889 2.6769 -7.1180
v 0.5186 2.6897 -7.1180
v 0.6614 2.6935 -7.1180
v 0.8148 2.6891 -7.1180
v 0.9758 2.6775 -7.1180
v 1.1414 2.6603 -7.1180
v 1.3086 2.6388 -7.1180
v 1.4742 2.6146 -7.1180
v 1.6352 2.5889 -7.1180
v 1.7886 2.5629 -7.1180
v 1.9314 2.5377 -7.1180
v 2.0611 2.5140 -7.1180
v 2.1752 2.4925 -7.1180
v 2.2717 2.4739 -7.1180
v 2.3486 2.4588 -7.1180
v 2.4046 2.4476 -7.1180
v 2.4386 2.4408 -7.1180
v 2.4500 2.4384 -7.1180
v 2.4386 2.4384 -7.1180
v 2.4046 2.4384 -7.1180
v 2.3486 2.4383 -7.1180
v 2.2717 2.4379 -7.1180
v 2.1752 2.4372 -7.1180
v 2.0611 2.4361 -7.1180
v 1.9314 2.4344 -7.1180
v 1.7886 2.4320 -7.1180
v 1.6352 2.4291 -7.1180
v 1.4742 2.4255 -7.1180
v 1.3086 2.4216 -7.1180
v 1.1414 2.4175 -7.1180
v 0.9758 2.4135 -7.1180
v 0.8148 2.4099 -7.1180
v 0.6614 2.4073 -7.1180
v 0.5186 2.4058 -7.1180
v 0.3889 2.4058 -7.1180
v 0.2748 2.4075 -7.1180
v 0.1783 2.4109 -7.1180
v 0.1014 2.4160 -7.1180
v 0.0454 2.4225 -7.1180
v 0.0114 2.4301 -7.1180
v 0.0000 2.4591 -7.5120
v 0.0114 2.5130 -7.5120
v 0.0454 2.5628 -7.5120
v 0.1014 2.6074 -7.5120
v 0.1783 2.6455 -7.5120
v 0.2748 2.6758 -7.5120
v 0.3889 2.6976 -7.5120
v 0.5186 2.7103 -7.5120
v 0.6614 2.7141 -7.5120
v 0.8148 2.7097 -7.5120
v 0.9758 2.6982 -7.5120
v 1.1414 2.6809 -7.5120
v 1.3086 2.6595 -7.5120
v 1.4742 2.6352 -7.5120
v 1.6352 2.6095 -7.5120
v 1.7886 2.5836 -7.5120
v 1.9314 2.5583 -7.5120
v 2.0611 2.5346 -7.5120
v 2.1752 2.5132 -7.5120
v 2.2717 2.4946 -7.5120
v 2.3486 2.4795 -7.5120
v 2.4046 2.4683 -7.5120
v 2.4386 2.4614 -7.5120
v 2.4500 2.4591 -7.5120
v 2.4386 2.4591 -7.5120
v 2.4046 2.4591 -7.5120
v 2.3486 2.4589 -7.5120
v 2.2717 2.4586 -7.5120
v 2.1752 2.4579 -7.5120
v 2.0611 2.4567 -7.5120
v 1.9314 2.4550 -7.5120
v 1.7886 2.4527 -7.5120
v 1.6352 2.4497 -7.5120
v 1.4742 2.4462 -7.5120
v 1.3086 2.4423 -7.5120
v 1.1414 2.4381 -7.5120
v 0.9758 2.4341 -7.5120
v 0.8148 2.4306 -7.5120
v 0.6614 2.4279 -7.5120
v 0.5186 2.4264 -7.5120
v 0.3889 2.4265 -7.5120
v 0.2748 2.4282 -7.5120
v 0.1783 2.4316 -7.5120
v 0.1014 2.4367 -7.5120
v 0.0454 2.4431 -7.5120
v 0.0114 2.4507 -7.5120
v 0.0000 2.4797 -7.9060
v 0.0114 2.5336 -7.9060
v 0.0454 2.5835 -7.9060
v 0.1014 2.6280 -7.9060
v 0.1783 2.6661 -7.9060
v 0.2748 2.6965 -7.9060
v 0.3889 2.7182 -7.9060
v 0.5186 2.7309 -7.9060
v 0.6614 2.7348 -7.9060
v 0.8148 2.7304 -7.9060
v 0.9758 2.7188 -7.9060
v 1.1414 2.7016 -7.9060
v 1.3086 2.6801 -7.9060
v 1.4742 2.6559 -7.9060
v 1.6352 2.6302 -7.9060
v 1.7886 2.6042 -7.9060
v 1.9314 2.5790 -7.9060
v 2.0611 2.5553 -7.9060
v 2.1752 2.5338 -7.9060
v 2.2717 2.5152 -7.9060
v 2.3486 2.5001 -7.9060
v 2.4046 2.4889 -7.9060
v 2.4386 2.4821 -7.9060
v 2.4500 2.4797 -7.9060
v 2.4386 2.4797 -7.9060
v 2.4046 2.4797 -7.9060
v 2.3486 2.4796 -7.9060
v 2.2717 2.4792 -7.9060
v 2.1752 2.4785 -7.9060
v 2.0611 2.4774 -7.9060
v 1.9314 2.4757 -7.9060
v 1.7886 2.4733 -7.9060
v 1.6352 2.4704 -7.9060
v 1.4742 2.4668 -7.9060
v 1.3086 2.4629 -7.9060
v 1.1414 2.4588 -7.9060
v 0.9758 2.4548 -7.9060
v 0.8148 2.4512 -7.9060
v 0.6614 2.4486 -7.9060
v 0.5186 2.4471 -7.9060
v 0.3889 2.4471 -7.9060
v 0.2748 2.4488 -7.9060
v 0.1783 2.4522 -7.9060
v 0.1014 2.4573 -7.9060
v 0.0454 2.4638 -7.9060
v 0.0114 2.4714 -7.9060
v 0.0000 2.5004 -8.3000
v 0.0114 2.5543 -8.3000
v 0.0454 2.6041 -8.3000
v 0.1014 2.6487 -8.3000
v 0.1783 2.6868 -8.3000
v 0.2748 2.7171 -8.3000
v 0.3889 2.7389 -8.3000
v 0.5186 2.7516 -8.3000
v 0.6614 2.7554 -8.3000
v 0.8148 2.7510 -8.3000
v 0.9758 2.7395 -8.3000
v 1.1414 2.7222 -8.3000
v 1.3086 2.7008 -8.3000
v 1.4742 2.6765 -8.3000
v 1.6352 2.6508 -8.3000
v 1.7886 2.6249 -8.3000
v 1.9314 2.5996 -8.3000
v 2.0611 2.5759 -8.3000
v 2.1752 2.5545 -8.3000
v 2.2717 2.5359 -8.3000
v 2.3486 2.5208 -8.3000
v 2.4046 2.5096 -8.3000
v 2.4386 2.5027 -8.3000
v 2.4500 2.5004 -8.3000
v 2.4386 2.5004 -8.3000
v 2.4046 2.5004 -8.3000
v 2.3486 2.5002 -8.3000
v 2.2717 2.4999 -8.3000
v 2.1752 2.4992 -8.3000
v 2.0611 2.4980 -8.3000
v 1.9314 2.4963 -8.3000
v 1.7886 2.4940 -8.3000
v 1.6352 2.4910 -8.3000
v 1.4742 2.4875 -8.3000
v 1.3086 2.4836 -8.3000
v 1.1414 2.4794 -8.3000
v 0.9758 2.4754 -8.3000
v 0.8148 2.4719 -8.3000
v 0.6614 2.4692 -8.3000
v 0.5186 2.4677 -8.3000
v 0.3889 2.4678 -8.3000
v 0.2748 2.4695 -8.3000
v 0.1783 2.4729 -8.3000
v 0.1014 2.4780 -8.3000
v 0.0454 2.4844 -8.3000
v 0.0114 2.4920 -8.3000
v 0.0000 2.5210 -8.6940
v 0.0114 2.5749 -8.6940
v 0.0454 2.6248 -8.6940
v 0.1014 2.6693 -8.6940
v 0.1783 2.7074 -8.6940
v 0.2748 2.7378 -8.6940
v 0.3889 2.7595 -8.6940
v 0.5186 2.7722 -8.6940
v 0.6614 2.7761 -8.6940
v 0.8148 2.7717 -8.6940
v 0.9758 2.7601 -8.6940
v 1.1414 2.7429 -8.6940
v 1.3086 2.7214 -8.6940
v 1.4742 2.6972 -8.6940
v 1.6352 2.6715 -8.6940
v 1.7886 2.6455 -8.6940
v 1.9314 2.6203 -8.6940
v 2.0611 2.5966 -8.6940
v 2.1752 2.5751 -8.6940
v 2.2717 2.5565 -8.6940
v 2.3486 2.5414 -8.6940
v 2.4046 2.5302 -8.6940
v 2.4386 2.5234 -8.6940
v 2.4500 2.5210 -8.6940
v 2.4386 2.5210 -8.6940
v 2.4046 2.5210 -8.6940
v 2.3486 2.5209 -8.6940
v 2.2717 2.5205 -8.6940
v 2.1752 2.5198 -8.6940
v 2.0611 2.5187 -8.6940
v 1.9314 2.5170 -8.6940
v 1.7886 2.5146 -8.6940
v 1.6352 2.5117 -8.6940
v 1.4742 2.5081 -8.6940
v 1.3086 2.5042 -8.6940
v 1.1414 2.5001 -8.6940
v 0.9758 2.4961 -8.6940
v 0.8148 2.4925 -8.6940
v 0.6614 2.4898 -8.6940
v 0.5186 2.4884 -8.6940
v 0.3889 2.4884 -8.6940
v 0.2748 2.4901 -8.6940
v 0.1783 2.4935 -8.6940
v 0.1014 2.4986 -8.6940
v 0.0454 2.5051 -8.6940
v 0.0114 2.5127 -8.6940
v 0.0000 2.5417 -9.0880
v 0.0114 2.5956 -9.0880
v 0.0454 2.6454 -9.0880
v 0.1014 2.6900 -9.0880
v 0.1783 2.7281 -9.0880
v 0.2748 2.7584 -9.0880
v 0.3889 2.7802 -9.0880
v 0.5186 2.7929 -9.0880
v 0.6614 2.7967 -9.0880
v 0.8148 2.7923 -9.0880
v 0.9758 2.7808 -9.0880
v 1.1414 2.7635 -9.0880
v 1.3086 2.7420 -9.0880
v 1.4742 2.7178 -9.0880
v 1.6352 2.6921 -9.0880
v 1.7886 2.6662 -9.0880
v 1.9314 2.6409 -9.0880
v 2.0611 2.6172 -9.0880
v 2.1752 2.5958 -9.0880
v 2.2717 2.5772 -9.0880
v 2.3486 2.5621 -9.0880
v 2.4046 2.5509 -9.0880
v 2.4386 2.5440 -9.0880
v 2.4500 2.5417 -9.0880
v 2.4386 2.5417 -9.0880
v 2.4046 2.5417 -9.0880
v 2.3486 2.5415 -9.0880
v 2.2717 2.5412 -9.0880
v 2.1752 2.5405 -9.0880
v 2.0611 2.5393 -9.0880
v 1.9314 2.5376 -9.0880
v 1.7886 2.5353 -9.0880
v 1.6352 2.5323 -9.0880
v 1.4742 2.5288 -9.0880
v 1.3086 2.5249 -9.0880
v 1.1414 2.5207 -9.0880
v 0.9758 2.5167 -9.0880
v 0.8148 2.5132 -9.0880
v 0.6614 2.5105 -9.0880
v 0.5186 2.5090 -9.0880
v 0.3889 2.5090 -9.0880
v 0.2748 2.5108 -9.0880
v 0.1783 2.5142 -9.0880
v 0.1014 2.5192 -9.0880
v 0.0454 2.5257 -9.0880
v 0.0114 2.5333 -9.0880
v 0.5500 0.0000 -1.3200
v 0.5593 0.0440 -1.3200
v 0.5871 0.0847 -1.3200
v 0.6328 0.1211 -1.3200
v 0.6956 0.1521 -1.3200
v 0.7743 0.1769 -1.3200
v 0.8674 0.1947 -1.3200
v 0.9733 0.2051 -1.3200
v 1.0899 0.2082 -1.3200
v 1.2151 0.2046 -1.3200
v 1.3465 0.1952 -1.3200
v 1.4818 0.1811 -1.3200
v 1.6182 0.1636 -1.3200
v 1.7535 0.1438 -1.3200
v 1.8849 0.1228 -1.3200
v 2.0101 0.1016 -1.3200
v 2.1267 0.0810 -1.3200
v 2.2326 0.0617 -1.3200
v 2.3257 0.0441 -1.3200
v 2.4044 0.0290 -1.3200
v 2.4672 0.0166 -1.3200
v 2.5129 0.0075 -1.3200
v 2.5407 0.0019 -1.3200
v 2.5500 -0.0000 -1.3200
v 2.5407 -0.0000 -1.3200
v 2.5129 -0.0000 -1.3200
v 2.4672 -0.0001 -1.3200
v 2.4044 -0.0004 -1.3200
v 2.3257 -0.0010 -1.3200
v 2.2326 -0.0019 -1.3200
v 2.1267 -0.0033 -1.3200
v 2.0101 -0.0052 -1.3200
v 1.8849 -0.0077 -1.3200
v 1.7535 -0.0105 -1.3200
v 1.6182 -0.0137 -1.3200
v 1.4818 -0.0171 -1.3200
v 1.3465 -0.0204 -1.3200
v 1.2151 -0.0233 -1.3200
v 1.0899 -0.0255 -1.3200
v 0.9733 -0.0267 -1.3200
v 0.8674 -0.0266 -1.3200
v 0.7743 -0.0253 -1.3200
v 0.6956 -0.0224 -1.3200
v 0.6328 -0.0183 -1.3200
v 0.5871 -0.0130 -1.3200
v 0.5593 -0.0069 -1.3200
v 0.5500 0.0308 -1.7280
v 0.5593 0.0748 -1.7280
v 0.5871 0.1155 -1.7280
v 0.6328 0.1519 -1.7280
v 0.6956 0.1829 -1.7280
v 0.7743 0.2077 -1.7280
v 0.8674 0.2255 -1.7280
v 0.9733 0.2359 -1.7280
v 1.0899 0.2390 -1.7280
v 1.2151 0.2354 -1.7280
v 1.3465 0.2260 -1.7280
v 1.4818 0.2119 -1.7280
v 1.6182 0.1944 -1.7280
v 1.7535 0.1746 -1.7280
v 1.8849 0.1536 -1.7280
v 2.0101 0.1324 -1.7280
v 2.1267 0.1118 -1.7280
v 2.2326 0.0925 -1.7280
v 2.3257 0.0749 -1.7280
v 2.4044 0.0598 -1.7280
v 2.4672 0.0474 -1.7280
v 2.5129 0.0383 -1.7280
v 2.5407 0.0327 -1.7280
v 2.5500 0.0308 -1.7280
v 2.5407 0.0308 -1.7280
v 2.5129 0.0308 -1.7280
v 2.4672 0.0307 -1.7280
v 2.4044 0.0304 -1.7280
v 2.3257 0.0298 -1.7280
v 2.2326 0.0289 -1.7280
v 2.1267 0.0275 -1.7280
v 2.0101 0.0256 -1.7280
v 1.8849 0.0231 -1.7280
v 1.7535 0.0203 -1.7280
v 1.6182 0.0171 -1.7280
v 1.4818 0.0137 -1.7280
v 1.3465 0.0104 -1.7280
v 1.2151 0.0075 -1.7280
v 1.0899 0.0053 -1.7280
v 0.9733 0.0041 -1.7280
v 0.8674 0.0041 -1.7280
v 0.7743 0.0055 -1.7280
v 0.6956 0.0083 -1.7280
v 0.6328 0.0125 -1.7280
v 0.5871 0.0178 -1.7280
v 0.5593 0.0239 -1.7280
v 0.5500 0.0616 -2.1360
v 0.5593 0.1056 -2.1360
v 0.5871 0.1463 -2.1360
v 0.6328 0.1826 -2.1360
v 0.6956 0.2137 -2.1360
v 0.7743 0.2385 -2.1360
v 0.8674 0.2563 -2.1360
v 0.9733 0.2667 -2.1360
v 1.0899 0.2698 -2.1360
v 1.2151 0.2662 -2.1360
v 1.3465 0.2568 -2.1360
v 1.4818 0.2427 -2.1360
v 1.6182 0.2252 -2.1360
v 1.7535 0.2054 -2.1360
v 1.8849 0.1844 -2.1360
v 2.0101 0.1632 -2.1360
v 2.1267 0.1426 -2.1360
v 2.2326 0.1233 -2.1360
v 2.3257 0.1057 -2.1360
v 2.4044 0.0906 -2.1360
v 2.4672 0.0782 -2.1360
v 2.5129 0.0691 -2.1360
v 2.5407 0.0635 -2.1360
v 2.5500 0.0616 -2.1360
v 2.5407 0.0616 -2.1360
v 2.5129 0.0616 -2.1360
v 2.4672 0.0615 -2.1360
v 2.4044 0.0612 -2.1360
v 2.3257 0.0606 -2.1360
v 2.2326 0.0597 -2.1360
v 2.1267 0.0583 -2.1360
v 2.0101 0.0564 -2.1360
v 1.8849 0.0539 -2.1360
v 1.7535 0.0511 -2.1360
v 1.6182 0.0479 -2.1360
v 1.4818 0.0445 -2.1360
v 1.3465 0.0412 -2.1360
v 1.2151 0.0383 -2.1360
v 1.0899 0.0361 -2.1360
v 0.9733 0.0349 -2.1360
v 0.8674 0.0349 -2.1360
v 0.7743 0.0363 -2.1360
v 0.6956 0.0391 -2.1360
v 0.6328 0.0433 -2.1360
v 0.5871 0.0486 -2.1360
v 0.5593 0.0547 -2.1360
v 0.5500 0.0924 -2.5440
v 0.5593 0.1364 -2.5440
v 0.5871 0.1771 -2.5440
v 0.6328 0.2134 -2.5440
v 0.6956 0.2445 -2.5440
v 0.7743 0.2693 -2.5440
v 0.8674 0.2871 -2.5440
v 0.9733 0.2975 -2.5440
v 1.0899 0.3006 -2.5440
v 1.2151 0.2970 -2.5440
v 1.3465 0.2876 -2.5440
v 1.4818 0.2735 -2.5440
v 1.6182 0.2559 -2.5440
v 1.7535 0.2362 -2.5440
v 1.8849 0.2152 -2.5440
v 2.0101 0.1940 -2.5440
v 2.1267 0.1734 -2.5440
v 2.2326 0.1540 -2.5440
v 2.3257 0.1365 -2.5440
v 2.4044 0.1214 -2.5440
v 2.4672 0.1090 -2.5440
v 2.5129 0.0999 -2.5440
v 2.5407 0.0943 -2.5440
v 2.5500 0.0924 -2.5440
v 2.5407 0.0924 -2.5440
v 2.5129 0.0924 -2.5440
v 2.4672 0.0922 -2.5440
v 2.4044 0.0920 -2.5440
v 2.3257 0.0914 -2.5440
v 2.2326 0.0905 -2.5440
v 2.1267 0.0891 -2.5440
v 2.0101 0.0871 -2.5440
v 1.8849 0.0847 -2.5440
v 1.7535 0.0819 -2.5440
v 1.6182 0.0787 -2.5440
v 1.4818 0.0753 -2.5440
v 1.3465 0.0720 -2.5440
v 1.2151 0.0691 -2.5440
v 1.0899 0.0669 -2.5440
v 0.9733 0.0657 -2.5440
v 0.8674 0.0657 -2.5440
v 0.7743 0.0671 -2.5440
v 0.6956 0.0699 -2.5440
v 0.6328 0.0741 -2.5440
v 0.5871 0.0793 -2.5440
v 0.5593 0.0855 -2.5440
v 0.5500 0.1232 -2.9520
v 0.5593 0.1672 -2.9520
v 0.5871 0.2079 -2.9520
v 0.6328 0.2442 -2.9520
v 0.6956 0.2753 -2.9520
v 0.7743 0.3001 -2.9520
v 0.8674 0.3179 -2.9520
v 0.9733 0.3283 -2.9520
v 1.0899 0.3314 -2.9520
v 1.2151 0.3278 -2.9520
v 1.3465 0.3184 -2.9520
v 1.4818 0.3043 -2.9520
v 1.6182 0.2867 -2.9520
v 1.7535 0.2670 -2.9520
v 1.8849 0.2460 -2.9520
v 2.0101 0.2248 -2.9520
v 2.1267 0.2042 -2.9520
v 2.2326 0.1848 -2.9520
v 2.3257 0.1673 -2.9520
v 2.4044 0.1522 -2.9520
v 2.4672 0.1398 -2.9520
v 2.5129 0.1307 -2.9520
v 2.5407 0.1251 -2.9520
v 2.5500 0.1232 -2.9520
v 2.5407 0.1232 -2.9520
v 2.5129 0.1232 -2.9520
v 2.4672 0.1230 -2.9520
v 2.4044 0.1228 -2.9520
v 2.3257 0.1222 -2.9520
v 2.2326 0.1213 -2.9520
v 2.1267 0.1199 -2.9520
v 2.0101 0.1179 -2.9520
v 1.8849 0.1155 -2.9520
v 1.7535 0.1127 -2.9520
v 1.6182 0.1094 -2.9520
v 1.4818 0.1061 -2.9520
v 1.3465 0.1028 -2.9520
v 1.2151 0.0999 -2.9520
v 1.0899 0.0977 -2.9520
v 0.9733 0.0965 -2.9520
v 0.8674 0.0965 -2.9520
v 0.7743 0.0979 -2.9520
v 0.6956 0.1007 -2.9520
v 0.6328 0.1049 -2.9520
v 0.5871 0.1101 -2.9520
v 0.5593 0.1163 -2.9520
v 0.5500 0.1540 -3.3600
v 0.5593 0.1980 -3.3600
v 0.5871 0.2386 -3.3600
v 0.6328 0.2750 -3.3600
v 0.6956 0.3061 -3.3600
v 0.7743 0.3309 -3.3600
v 0.8674 0.3487 -3.3600
v 0.9733 0.3590 -3.3600
v 1.0899 0.3622 -3.3600
v 1.2151 0.3586 -3.3600
v 1.3465 0.3492 -3.3600
v 1.4818 0.3351 -3.3600
v 1.6182 0.3175 -3.3600
v 1.7535 0.2977 -3.3600
v 1.8849 0.2768 -3.3600
v 2.0101 0.2556 -3.3600
v 2.1267 0.2350 -3.3600
v 2.2326 0.2156 -3.3600
v 2.3257 0.1981 -3.3600
v 2.4044 0.1830 -3.3600
v 2.4672 0.1706 -3.3600
v 2.5129 0.1615 -3.3600
v 2.5407 0.1559 -3.3600
v 2.5500 0.1540 -3.3600
v 2.5407 0.1540 -3.3600
v 2.5129 0.1540 -3.3600
v 2.4672 0.1538 -3.3600
v 2.4044 0.1536 -3.3600
v 2.3257 0.1530 -3.3600
v 2.2326 0.1520 -3.3600
v 2.1267 0.1506 -3.3600
v 2.0101 0.1487 -3.3600
v 1.8849 0.1463 -3.3600
v 1.7535 0.1435 -3.3600
v 1.6182 0.1402 -3.3600
v 1.4818 0.1369 -3.3600
v 1.3465 0.1336 -3.3600
v 1.2151 0.1307 -3.3600
v 1.0899 0.1285 -3.3600
v 0.9733 0.1273 -3.3600
v 0.8674 0.1273 -3.3600
v 0.7743 0.1287 -3.3600
v 0.6956 0.1315 -3.3600
v 0.6328 0.1357 -3.3600
v 0.5871 0.1409 -3.3600
v 0.5593 0.1471 -3.3600
v 0.5500 0.1848 -3.7680
v 0.5593 0.2288 -3.7680
v 0.5871 0.2694 -3.7680
v 0.6328 0.3058 -3.7680
v 0.6956 0.3369 -3.7680
v 0.7743 0.3617 -3.7680
v 0.8674 0.3795 -3.7680
v 0.9733 0.3898 -3.7680
v 1.0899 0.3930 -3.7680
v 1.2151 0.3894 -3.7680
v 1.3465 0.3800 -3.7680
v 1.4818 0.3659 -3.7680
v 1.6182 0.3483 -3.7680
v 1.7535 0.3285 -3.7680
v 1.8849 0.3076 -3.7680
v 2.0101 0.2864 -3.7680
v 2.1267 0.2658 -3.7680
v 2.2326 0.2464 -3.7680
v 2.3257 0.2289 -3.7680
v 2.4044 0.2138 -3.7680
v 2.4672 0.2014 -3.7680
v 2.5129 0.1923 -3.7680
v 2.5407 0.1867 -3.7680
v 2.5500 0.1848 -3.7680
v 2.5407 0.1848 -3.7680
v 2.5129 0.1848 -3.7680
v 2.4672 0.1846 -3.7680
v 2.4044 0.1844 -3.7680
v 2.3257 0.1838 -3.7680
v 2.2326 0.1828 -3.7680
v 2.1267 0.1814 -3.7680
v 2.0101 0.1795 -3.7680
v 1.8849 0.1771 -3.7680
v 1.7535 0.1743 -3.7680
v 1.6182 0.1710 -3.7680
v 1.4818 0.1677 -3.7680
v 1.3465 0.1644 -3.7680
v 1.2151 0.1615 -3.7680
v 1.0899 0.1593 -3.7680
v 0.9733 0.1581 -3.7680
v 0.8674 0.1581 -3.7680
v 0.7743 0.1595 -3.7680
v 0.6956 0.1623 -3.7680
v 0.6328 0.1665 -3.7680
v 0.5871 0.1717 -3.7680
v 0.5593 0.1779 -3.7680
v 0.5500 0.2156 -4.1760
v 0.5593 0.2596 -4.1760
v 0.5871 0.3002 -4.1760
v 0.6328 0.3366 -4.1760
v 0.6956 0.3677 -4.1760
v 0.7743 0.3925 -4.1760
v 0.8674 0.4103 -4.1760
v 0.9733 0.4206 -4.1760
v 1.0899 0.4238 -4.1760
v 1.2151 0.4202 -4.1760
v 1.3465 0.4108 -4.1760
v 1.4818 0.3967 -4.1760
v 1.6182 0.3791 -4.1760
v 1.7535 0.3593 -4.1760
v 1.8849 0.3384 -4.1760
v 2.0101 0.3172 -4.1760
v 2.1267 0.2966 -4.1760
v 2.2326 0.2772 -4.1760
v 2.3257 0.2597 -4.1760
v 2.4044 0.2446 -4.1760
v 2.4672 0.2322 -4.1760
v 2.5129 0.2231 -4.1760
v 2.5407 0.2175 -4.1760
v 2.5500 0.2156 -4.1760
v 2.5407 0.2156 -4.1760
v 2.5129 0.2156 -4.1760
v 2.4672 0.2154 -4.1760
v 2.4044 0.2152 -4.1760
v 2.3257 0.2146 -4.1760
v 2.2326 0.2136 -4.1760
v 2.1267 0.2122 -4.1760
v 2.0101 0.2103 -4.1760
v 1.8849 0.2079 -4.1760
v 1.7535 0.2050 -4.1760
v 1.6182 0.2018 -4.1760
v 1.4818 0.1985 -4.1760
v 1.3465 0.1952 -4.1760
v 1.2151 0.1923 -4.1760
v 1.0899 0.1901 -4.1760
v 0.9733 0.1889 -4.1760
v 0.8674 0.1889 -4.1760
v 0.7743 0.1903 -4.1760
v 0.6956 0.1931 -4.1760
v 0.6328 0.1973 -4.1760
v 0.5871 0.2025 -4.1760
v 0.5593 0.2087 -4.1760
v 0.5500 0.2464 -4.5840
v 0.5593 0.2904 -4.5840
v 0.5871 0.3310 -4.5840
v 0.6328 0.3674 -4.5840
v 0.6956 0.3985 -4.5840
v 0.7743 0.4233 -4.5840
v 0.8674 0.4411 -4.5840
v 0.9733 0.4514 -4.5840
v 1.0899 0.4546 -4.5840
v 1.2151 0.4510 -4.5840
v 1.3465 0.4416 -4.5840
v 1.4818 0.4275 -4.5840
v 1.6182 0.4099 -4.5840
v 1.7535 0.3901 -4.5840
v 1.8849 0.3692 -4.5840
v 2.0101 0.3480 -4.5840
v 2.1267 0.3274 -4.5840
v 2.2326 0.3080 -4.5840
v 2.3257 0.2905 -4.5840
v 2.4044 0.2754 -4.5840
v 2.4672 0.2630 -4.5840
v 2.5129 0.2539 -4.5840
v 2.5407 0.2483 -4.5840
v 2.5500 0.2464 -4.5840
v 2.5407 0.2464 -4.5840
v 2.5129 0.2463 -4.5840
v 2.4672 0.2462 -4.5840
v 2.4044 0.2459 -4.5840
v 2.3257 0.2454 -4.5840
v 2.2326 0.2444 -4.5840
v 2.1267 0.2430 -4.5840
v 2.0101 0.2411 -4.5840
v 1.8849 0.2387 -4.5840
v 1.7535 0.2358 -4.5840
v 1.6182 0.2326 -4.5840
v 1.4818 0.2293 -4.5840
v 1.3465 0.2260 -4.5840
v 1.2151 0.2231 -4.5840
v 1.0899 0.2209 -4.5840
v 0.9733 0.2197 -4.5840
v 0.8674 0.2197 -4.5840
v 0.7743 0.2211 -4.5840
v 0.6956 0.2239 -4.5840
v 0.6328 0.2281 -4.5840
v 0.5871 0.2333 -4.5840
v 0.5593 0.2395 -4.5840
v 0.5500 0.2772 -4.9920
v 0.5593 0.3212 -4.9920
v 0.5871 0.3618 -4.9920
v 0.6328 0.3982 -4.9920
v 0.6956 0.4293 -4.9920
v 0.7743 0.4541 -4.9920
v 0.8674 0.4718 -4.9920
v 0.9733 0.4822 -4.9920
v 1.0899 0.4854 -4.9920
v 1.2151 0.4818 -4.9920
v 1.3465 0.4724 -4.9920
v 1.4818 0.4583 -4.9920
v 1.6182 0.4407 -4.9920
v 1.7535 0.4209 -4.9920
v 1.8849 0.4000 -4.9920
v 2.0101 0.3788 -4.9920
v 2.1267 0.3582 -4.9920
v 2.2326 0.3388 -4.9920
v 2.3257 0.3213 -4.9920
v 2.4044 0.3061 -4.9920
v 2.4672 0.2938 -4.9920
v 2.5129 0.2847 -4.9920
v 2.5407 0.2791 -4.9920
v 2.5500 0.2772 -4.9920
v 2.5407 0.2772 -4.9920
v 2.5129 0.2771 -4.9920
v 2.4672 0.2770 -4.9920
v 2.4044 0.2767 -4.9920
v 2.3257 0.2762 -4.9920
v 2.2326 0.2752 -4.9920
v 2.1267 0.2738 -4.9920
v 2.0101 0.2719 -4.9920
v 1.8849 0.2695 -4.9920
v 1.7535 0.2666 -4.9920
v 1.6182 0.2634 -4.9920
v 1.4818 0.2601 -4.9920
v 1.3465 0.2568 -4.9920
v 1.2151 0.2539 -4.9920
v 1.0899 0.2517 -4.9920
v 0.9733 0.2505 -4.9920
v 0.8674 0.2505 -4.9920
v 0.7743 0.2519 -4.9920
v 0.6956 0.2547 -4.9920
v 0.6328 0.2589 -4.9920
v 0.5871 0.2641 -4.9920
v 0.5593 0.2703 -4.9920
v 0.5500 0.3080 -5.4000
v 0.5593 0.3520 -5.4000
v 0.5871 0.3926 -5.4000
v 0.6328 0.4290 -5.4000
v 0.6956 0.4601 -5.4000
v 0.7743 0.4849 -5.4000
v 0.8674 0.5026 -5.4000
v 0.9733 0.5130 -5.4000
v 1.0899 0.5162 -5.4000
v 1.2151 0.5126 -5.4000
v 1.3465 0.5032 -5.4000
v 1.4818 0.4891 -5.4000
v 1.6182 0.4715 -5.4000
v 1.7535 0.4517 -5.4000
v 1.8849 0.4308 -5.4000
v 2.0101 0.4096 -5.4000
v 2.1267 0.3890 -5.4000
v 2.2326 0.3696 -5.4000
v 2.3257 0.3521 -5.4000
v 2.4044 0.3369 -5.4000
v 2.4672 0.3246 -5.4000
v 2.5129 0.3155 -5.4000
v 2.5407 0.3099 -5.4000
v 2.5500 0.3080 -5.4000
v 2.5407 0.3080 -5.4000
v 2.5129 0.3079 -5.4000
v 2.4672 0.3078 -5.4000
v 2.4044 0.3075 -5.4000
v 2.3257 0.3070 -5.4000
v 2.2326 0.3060 -5.4000
v 2.1267 0.3046 -5.4000
v 2.0101 0.3027 -5.4000
v 1.8849 0.3003 -5.4000
v 1.7535 0.2974 -5.4000
v 1.6182 0.2942 -5.4000
v 1.4818 0.2909 -5.4000
v 1.3465 0.2876 -5.4000
v 1.2151 0.2847 -5.4000
v 1.0899 0.2825 -5.4000
v 0.9733 0.2813 -5.4000
v 0.8674 0.2813 -5.4000
v 0.7743 0.2827 -5.4000
v 0.6956 0.2855 -5.4000
v 0.6328 0.2896 -5.4000
v 0.5871 0.2949 -5.4000
v 0.5593 0.3011 -5.4000
v 0.5500 0.3404 -5.8295
v 0.5593 0.3844 -5.8295
v 0.5871 0.4251 -5.8295
v 0.6328 0.4614 -5.8295
v 0.6956 0.4925 -5.8295
v 0.7743 0.5173 -5.8295
v 0.8674 0.5351 -5.8295
v 0.9733 0.5455 -5.8295
v 1.0899 0.5486 -5.8295
v 1.2151 0.5450 -5.8295
v 1.3465 0.5356 -5.8295
v 1.4818 0.5215 -5.8295
v 1.6182 0.5039 -5.8295
v 1.7535 0.4842 -5.8295
v 1.8849 0.4632 -5.8295
v 2.0101 0.4420 -5.8295
v 2.1267 0.4214 -5.8295
v 2.2326 0.4020 -5.8295
v 2.3257 0.3845 -5.8295
v 2.4044 0.3694 -5.8295
v 2.4672 0.3570 -5.8295
v 2.5129 0.3479 -5.8295
v 2.5407 0.3423 -5.8295
v 2.5500 0.3404 -5.8295
v 2.5407 0.3404 -5.8295
v 2.5129 0.3404 -5.8295
v 2.4672 0.3402 -5.8295
v 2.4044 0.3400 -5.8295
v 2.3257 0.3394 -5.8295
v 2.2326 0.3385 -5.8295
v 2.1267 0.3371 -5.8295
v 2.0101 0.3351 -5.8295
v 1.8849 0.3327 -5.8295
v 1.7535 0.3299 -5.8295
v 1.6182 0.3266 -5.8295
v 1.4818 0.3233 -5.8295
v 1.3465 0.3200 -5.8295
v 1.2151 0.3171 -5.8295
v 1.0899 0.3149 -5.8295
v 0.9733 0.3137 -5.8295
v 0.8674 0.3137 -5.8295
v 0.7743 0.3151 -5.8295
v 0.6956 0.3179 -5.8295
v 0.6328 0.3221 -5.8295
v 0.5871 0.3273 -5.8295
v 0.5593 0.3335 -5.8295
v 0.5500 0.3728 -6.2590
v 0.5593 0.4168 -6.2590
v 0.5871 0.4575 -6.2590
v 0.6328 0.4939 -6.2590
v 0.6956 0.5249 -6.2590
v 0.7743 0.5497 -6.2590
v 0.8674 0.5675 -6.2590
v 0.9733 0.5779 -6.2590
v 1.0899 0.5810 -6.2590
v 1.2151 0.5774 -6.2590
v 1.3465 0.5680 -6.2590
v 1.4818 0.5539 -6.2590
v 1.6182 0.5364 -6.2590
v 1.7535 0.5166 -6.2590
v 1.8849 0.4956 -6.2590
v 2.0101 0.4744 -6.2590
v 2.1267 0.4538 -6.2590
v 2.2326 0.4345 -6.2590
v 2.3257 0.4169 -6.2590
v 2.4044 0.4018 -6.2590
v 2.4672 0.3894 -6.2590
v 2.5129 0.3803 -6.2590
v 2.5407 0.3747 -6.2590
v 2.5500 0.3728 -6.2590
v 2.5407 0.3728 -6.2590
v 2.5129 0.3728 -6.2590
v 2.4672 0.3727 -6.2590
v 2.4044 0.3724 -6.2590
v 2.3257 0.3718 -6.2590
v 2.2326 0.3709 -6.2590
v 2.1267 0.3695 -6.2590
v 2.0101 0.3676 -6.2590
v 1.8849 0.3652 -6.2590
v 1.7535 0.3623 -6.2590
v 1.6182 0.3591 -6.2590
v 1.4818 0.3557 -6.2590
v 1.3465 0.3524 -6.2590
v 1.2151 0.3495 -6.2590
v 1.0899 0.3473 -6.2590
v 0.9733 0.3461 -6.2590
v 0.8674 0.3462 -6.2590
v 0.7743 0.3476 -6.2590
v 0.6956 0.3504 -6.2590
v 0.6328 0.3545 -6.2590
v 0.5871 0.3598 -6.2590
v 0.5593 0.3660 -6.2590
v 0.5500 0.4052 -6.6885
v 0.5593 0.4492 -6.6885
v 0.5871 0.4899 -6.6885
v 0.6328 0.5263 -6.6885
v 0.6956 0.5574 -6.6885
v 0.7743 0.5821 -6.6885
v 0.8674 0.5999 -6.6885
v 0.9733 0.6103 -6.6885
v 1.0899 0.6134 -6.6885
v 1.2151 0.6098 -6.6885
v 1.3465 0.6004 -6.6885
v 1.4818 0.5863 -6.6885
v 1.6182 0.5688 -6.6885
v 1.7535 0.5490 -6.6885
v 1.8849 0.5280 -6.6885
v 2.0101 0.5069 -6.6885
v 2.1267 0.4862 -6.6885
v 2.2326 0.4669 -6.6885
v 2.3257 0.4494 -6.6885
v 2.4044 0.4342 -6.6885
v 2.4672 0.4219 -6.6885
v 2.5129 0.4127 -6.6885
v 2.5407 0.4071 -6.6885
v 2.5500 0.4052 -6.6885
v 2.5407 0.4052 -6.6885
v 2.5129 0.4052 -6.6885
v 2.4672 0.4051 -6.6885
v 2.4044 0.4048 -6.6885
v 2.3257 0.4042 -6.6885
v 2.2326 0.4033 -6.6885
v 2.1267 0.4019 -6.6885
v 2.0101 0.4000 -6.6885
v 1.8849 0.3976 -6.6885
v 1.7535 0.3947 -6.6885
v 1.6182 0.3915 -6.6885
v 1.4818 0.3881 -6.6885
v 1.3465 0.3848 -6.6885
v 1.2151 0.3820 -6.6885
v 1.0899 0.3798 -6.6885
v 0.9733 0.3786 -6.6885
v 0.8674 0.3786 -6.6885
v 0.7743 0.3800 -6.6885
v 0.6956 0.3828 -6.6885
v 0.6328 0.3869 -6.6885
v 0.5871 0.3922 -6.6885
v 0.5593 0.3984 -6.6885
v 0.5500 0.4376 -7.1180
v 0.5593 0.4817 -7.1180
v 0.5871 0.5223 -7.1180
v 0.6328 0.5587 -7.1180
v 0.6956 0.5898 -7.1180
v 0.7743 0.6146 -7.1180
v 0.8674 0.6323 -7.1180
v 0.9733 0.6427 -7.1180
v 1.0899 0.6458 -7.1180
v 1.2151 0.6422 -7.1180
v 1.3465 0.6328 -7.1180
v 1.4818 0.6187 -7.1180
v 1.6182 0.6012 -7.1180
v 1.7535 0.5814 -7.1180
v 1.8849 0.5605 -7.1180
v 2.0101 0.5393 -7.1180
v 2.1267 0.5187 -7.1180
v 2.2326 0.4993 -7.1180
v 2.3257 0.4818 -7.1180
v 2.4044 0.4666 -7.1180
v 2.4672 0.4543 -7.1180
v 2.5129 0.4452 -7.1180
v 2.5407 0.4395 -7.1180
v 2.5500 0.4376 -7.1180
v 2.5407 0.4376 -7.1180
v 2.5129 0.4376 -7.1180
v 2.4672 0.4375 -7.1180
v 2.4044 0.4372 -7.1180
v 2.3257 0.4367 -7.1180
v 2.2326 0.4357 -7.1180
v 2.1267 0.4343 -7.1180
v 2.0101 0.4324 -7.1180
v 1.8849 0.4300 -7.1180
v 1.7535 0.4271 -7.1180
v 1.6182 0.4239 -7.1180
v 1.4818 0.4205 -7.1180
v 1.3465 0.4173 -7.1180
v 1.2151 0.4144 -7.1180
v 1.0899 0.4122 -7.1180
v 0.9733 0.4110 -7.1180
v 0.8674 0.4110 -7.1180
v 0.7743 0.4124 -7.1180
v 0.6956 0.4152 -7.1180
v 0.6328 0.4193 -7.1180
v 0.5871 0.4246 -7.1180
v 0.5593 0.4308 -7.1180
v 1.0987 2.3484 -5.3850
v 1.0088 2.3484 -5.3850
v 1.0088 2.3484 -5.4150
v 1.0987 2.3484 -5.4150
v 1.0987 0.3080 -5.3850
v 1.0088 0.3080 -5.3850
v 1.0088 0.3080 -5.4150
v 1.0987 0.3080 -5.4150
v 0.8397 0.0005 -1.3185
v 0.8593 0.0045 -1.3185
v 0.8603 -0.0005 -1.3215
v 0.8407 -0.0045 -1.3215
v 0.3572 2.3489 -5.3985
v 0.3768 2.3530 -5.3985
v 0.3778 2.3479 -5.4015
v 0.3582 2.3439 -5.4015
v 1.7398 0.0014 -1.3185
v 1.7596 0.0038 -1.3185
v 1.7602 -0.0014 -1.3215
v 1.7404 -0.0038 -1.3215
v 1.4598 2.3498 -5.3985
v 1.4796 2.3522 -5.3985
v 1.4802 2.3470 -5.4015
v 1.4604 2.3447 -5.4015
v 0.3645 2.0905 -0.6567
v 0.3645 2.1093 -0.6638
v 0.3705 2.1095 -0.6633
v 0.3705 2.0907 -0.6562
v 0.8470 0.2985 -5.3967
v 0.8470 0.3172 -5.4038
v 0.8530 0.3174 -5.4033
v 0.8530 0.2987 -5.3962
v 0.0000 2.1000 0.6600
v 0.0114 2.1539 0.6600
v 0.0454 2.2037 0.6600
v 0.1014 2.2483 0.6600
v 0.1783 2.2864 0.6600
v 0.2748 2.3167 0.6600
v 0.3889 2.3385 0.6600
v 0.5186 2.3512 0.6600
v 0.6614 2.3550 0.6600
v 0.8148 2.3506 0.6600
v 0.9758 2.3391 0.6600
v 1.1414 2.3218 0.6600
v 1.3086 2.3004 0.6600
v 1.4742 2.2761 0.6600
v 1.6352 2.2504 0.6600
v 1.7886 2.2245 0.6600
v 1.9314 2.1992 0.6600
v 2.0611 2.1755 0.6600
v 2.1752 2.1541 0.6600
v 2.2717 2.1355 0.6600
v 2.3486 2.1204 0.6600
v 2.4046 2.1092 0.6600
v 2.4386 2.1023 0.6600
v 2.4500 2.1000 0.6600
v 2.4386 2.1000 0.6600
v 2.4046 2.1000 0.6600
v 2.3486 2.0998 0.6600
v 2.2717 2.0995 0.6600
v 2.1752 2.0988 0.6600
v 2.0611 2.0976 0.6600
v 1.9314 2.0959 0.6600
v 1.7886 2.0936 0.6600
v 1.6352 2.0906 0.6600
v 1.4742 2.0871 0.6600
v 1.3086 2.0832 0.6600
v 1.1414 2.0790 0.6600
v 0.9758 2.0750 0.6600
v 0.8148 2.0715 0.6600
v 0.6614 2.0688 0.6600
v 0.5186 2.0673 0.6600
v 0.3889 2.0674 0.6600
v 0.2748 2.0691 0.6600
v 0.1783 2.0725 0.6600
v 0.1014 2.0776 0.6600
v 0.0454 2.0840 0.6600
v 0.0114 2.0916 0.6600
v 0.0000 2.1173 0.9900
v 0.0114 2.1712 0.9900
v 0.0454 2.2210 0.9900
v 0.1014 2.2656 0.9900
v 0.1783 2.3037 0.9900
v 0.2748 2.3340 0.9900
v 0.3889 2.3558 0.9900
v 0.5186 2.3685 0.9900
v 0.6614 2.3723 0.9900
v 0.8148 2.3679 0.9900
v 0.9758 2.3564 0.9900
v 1.1414 2.3391 0.9900
v 1.3086 2.3177 0.9900
v 1.4742 2.2934 0.9900
v 1.6352 2.2677 0.9900
v 1.7886 2.2418 0.9900
v 1.9314 2.2165 0.9900
v 2.0611 2.1928 0.9900
v 2.1752 2.1714 0.9900
v 2.2717 2.1528 0.9900
v 2.3486 2.1377 0.9900
v 2.4046 2.1265 0.9900
v 2.4386 2.1196 0.9900
v 2.4500 2.1173 0.9900
v 2.4386 2.1173 0.9900
v 2.4046 2.1173 0.9900
v 2.3486 2.1171 0.9900
v 2.2717 2.1168 0.9900
v 2.1752 2.1161 0.9900
v 2.0611 2.1149 0.9900
v 1.9314 2.1132 0.9900
v 1.7886 2.1109 0.9900
v 1.6352 2.1079 0.9900
v 1.4742 2.1044 0.9900
v 1.3086 2.1005 0.9900
v 1.1414 2.0963 0.9900
v 0.9758 2.0923 0.9900
v 0.8148 2.0888 0.9900
v 0.6614 2.0861 0.9900
v 0.5186 2.0846 0.9900
v 0.3889 2.0847 0.9900
v 0.2748 2.0864 0.9900
v 0.1783 2.0898 0.9900
v 0.1014 2.0949 0.9900
v 0.0454 2.1013 0.9900
v 0.0114 2.1089 0.9900
v 0.0000 2.1346 1.3200
v 0.0114 2.1885 1.3200
v 0.0454 2.2383 1.3200
v 0.1014 2.2829 1.3200
v 0.1783 2.3210 1.3200
v 0.2748 2.3513 1.3200
v 0.3889 2.3731 1.3200
v 0.5186 2.3858 1.3200
v 0.6614 2.3896 1.3200
v 0.8148 2.3852 1.3200
v 0.9758 2.3737 1.3200
v 1.1414 2.3564 1.3200
v 1.3086 2.3349 1.3200
v 1.4742 2.3107 1.3200
v 1.6352 2.2850 1.3200
v 1.7886 2.2591 1.3200
v 1.9314 2.2338 1.3200
v 2.0611 2.2101 1.3200
v 2.1752 2.1887 1.3200
v 2.2717 2.1701 1.3200
v 2.3486 2.1550 1.3200
v 2.4046 2.1438 1.3200
v 2.4386 2.1369 1.3200
v 2.4500 2.1346 1.3200
v 2.4386 2.1346 1.3200
v 2.4046 2.1346 1.3200
v 2.3486 2.1344 1.3200
v 2.2717 2.1341 1.3200
v 2.1752 2.1334 1.3200
v 2.0611 2.1322 1.3200
v 1.9314 2.1305 1.3200
v 1.7886 2.1282 1.3200
v 1.6352 2.1252 1.3200
v 1.4742 2.1217 1.3200
v 1.3086 2.1178 1.3200
v 1.1414 2.1136 1.3200
v 0.9758 2.1096 1.3200
v 0.8148 2.1061 1.3200
v 0.6614 2.1034 1.3200
v 0.5186 2.1019 1.3200
v 0.3889 2.1019 1.3200
v 0.2748 2.1037 1.3200
v 0.1783 2.1071 1.3200
v 0.1014 2.1121 1.3200
v 0.0454 2.1186 1.3200
v 0.0114 2.1262 1.3200
v 0.0000 2.1560 1.7280
v 0.0114 2.2099 1.7280
v 0.0454 2.2597 1.7280
v 0.1014 2.3043 1.7280
v 0.1783 2.3423 1.7280
v 0.2748 2.3727 1.7280
v 0.3889 2.3944 1.7280
v 0.5186 2.4072 1.7280
v 0.6614 2.4110 1.7280
v 0.8148 2.4066 1.7280
v 0.9758 2.3951 1.7280
v 1.1414 2.3778 1.7280
v 1.3086 2.3563 1.7280
v 1.4742 2.3321 1.7280
v 1.6352 2.3064 1.7280
v 1.7886 2.2805 1.7280
v 1.9314 2.2552 1.7280
v 2.0611 2.2315 1.7280
v 2.1752 2.2100 1.7280
v 2.2717 2.1915 1.7280
v 2.3486 2.1763 1.7280
v 2.4046 2.1652 1.7280
v 2.4386 2.1583 1.7280
v 2.4500 2.1560 1.7280
v 2.4386 2.1560 1.7280
v 2.4046 2.1559 1.7280
v 2.3486 2.1558 1.7280
v 2.2717 2.1554 1.7280
v 2.1752 2.1548 1.7280
v 2.0611 2.1536 1.7280
v 1.9314 2.1519 1.7280
v 1.7886 2.1495 1.7280
v 1.6352 2.1466 1.7280
v 1.4742 2.1431 1.7280
v 1.3086 2.1391 1.7280
v 1.1414 2.1350 1.7280
v 0.9758 2.1310 1.7280
v 0.8148 2.1275 1.7280
v 0.6614 2.1248 1.7280
v 0.5186 2.1233 1.7280
v 0.3889 2.1233 1.7280
v 0.2748 2.1250 1.7280
v 0.1783 2.1285 1.7280
v 0.1014 2.1335 1.7280
v 0.0454 2.1400 1.7280
v 0.0114 2.1476 1.7280
v 0.0000 2.1774 2.1360
v 0.0114 2.2313 2.1360
v 0.0454 2.2811 2.1360
v 0.1014 2.3256 2.1360
v 0.1783 2.3637 2.1360
v 0.2748 2.3941 2.1360
v 0.3889 2.4158 2.1360
v 0.5186 2.4286 2.1360
v 0.6614 2.4324 2.1360
v 0.8148 2.4280 2.1360
v 0.9758 2.4165 2.1360
v 1.1414 2.3992 2.1360
v 1.3086 2.3777 2.1360
v 1.4742 2.3535 2.1360
v 1.6352 2.3278 2.1360
v 1.7886 2.3018 2.1360
v 1.9314 2.2766 2.1360
v 2.0611 2.2529 2.1360
v 2.1752 2.2314 2.1360
v 2.2717 2.2128 2.1360
v 2.3486 2.1977 2.1360
v 2.4046 2.1865 2.1360
v 2.4386 2.1797 2.1360
v 2.4500 2.1774 2.1360
v 2.4386 2.1774 2.1360
v 2.4046 2.1773 2.1360
v 2.3486 2.1772 2.1360
v 2.2717 2.1768 2.1360
v 2.1752 2.1761 2.1360
v 2.0611 2.1750 2.1360
v 1.9314 2.1733 2.1360
v 1.7886 2.1709 2.1360
v 1.6352 2.1680 2.1360
v 1.4742 2.1645 2.1360
v 1.3086 2.1605 2.1360
v 1.1414 2.1564 2.1360
v 0.9758 2.1524 2.1360
v 0.8148 2.1488 2.1360
v 0.6614 2.1462 2.1360
v 0.5186 2.1447 2.1360
v 0.3889 2.1447 2.1360
v 0.2748 2.1464 2.1360
v 0.1783 2.1499 2.1360
v 0.1014 2.1549 2.1360
v 0.0454 2.1614 2.1360
v 0.0114 2.1690 2.1360
v 0.0000 2.1987 2.5440
v 0.0114 2.2526 2.5440
v 0.0454 2.3025 2.5440
v 0.1014 2.3470 2.5440
v 0.1783 2.3851 2.5440
v 0.2748 2.4155 2.5440
v 0.3889 2.4372 2.5440
v 0.5186 2.4499 2.5440
v 0.6614 2.4538 2.5440
v 0.8148 2.4494 2.5440
v 0.9758 2.4378 2.5440
v 1.1414 2.4206 2.5440
v 1.3086 2.3991 2.5440
v 1.4742 2.3748 2.5440
v 1.6352 2.3492 2.5440
v 1.7886 2.3232 2.5440
v 1.9314 2.2980 2.5440
v 2.0611 2.2743 2.5440
v 2.1752 2.2528 2.5440
v 2.2717 2.2342 2.5440
v 2.3486 2.2191 2.5440
v 2.4046 2.2079 2.5440
v 2.4386 2.2011 2.5440
v 2.4500 2.1987 2.5440
v 2.4386 2.1987 2.5440
v 2.4046 2.1987 2.5440
v 2.3486 2.1986 2.5440
v 2.2717 2.1982 2.5440
v 2.1752 2.1975 2.5440
v 2.0611 2.1964 2.5440
v 1.9314 2.1946 2.5440
v 1.7886 2.1923 2.5440
v 1.6352 2.1894 2.5440
v 1.4742 2.1858 2.5440
v 1.3086 2.1819 2.5440
v 1.1414 2.1778 2.5440
v 0.9758 2.1738 2.5440
v 0.8148 2.1702 2.5440
v 0.6614 2.1675 2.5440
v 0.5186 2.1661 2.5440
v 0.3889 2.1661 2.5440
v 0.2748 2.1678 2.5440
v 0.1783 2.1712 2.5440
v 0.1014 2.1763 2.5440
v 0.0454 2.1828 2.5440
v 0.0114 2.1903 2.5440
v 0.0000 2.2201 2.9520
v 0.0114 2.2740 2.9520
v 0.0454 2.3238 2.9520
v 0.1014 2.3684 2.9520
v 0.1783 2.4065 2.9520
v 0.2748 2.4368 2.9520
v 0.3889 2.4586 2.9520
v 0.5186 2.4713 2.9520
v 0.6614 2.4751 2.9520
v 0.8148 2.4707 2.9520
v 0.9758 2.4592 2.9520
v 1.1414 2.4420 2.9520
v 1.3086 2.4205 2.9520
v 1.4742 2.3962 2.9520
v 1.6352 2.3706 2.9520
v 1.7886 2.3446 2.9520
v 1.9314 2.3194 2.9520
v 2.0611 2.2956 2.9520
v 2.1752 2.2742 2.9520
v 2.2717 2.2556 2.9520
v 2.3486 2.2405 2.9520
v 2.4046 2.2293 2.9520
v 2.4386 2.2224 2.9520
v 2.4500 2.2201 2.9520
v 2.4386 2.2201 2.9520
v 2.4046 2.2201 2.9520
v 2.3486 2.2199 2.9520
v 2.2717 2.2196 2.9520
v 2.1752 2.2189 2.9520
v 2.0611 2.2177 2.9520
v 1.9314 2.2160 2.9520
v 1.7886 2.2137 2.9520
v 1.6352 2.2107 2.9520
v 1.4742 2.2072 2.9520
v 1.3086 2.2033 2.9520
v 1.1414 2.1992 2.9520
v 0.9758 2.1952 2.9520
v 0.8148 2.1916 2.9520
v 0.6614 2.1889 2.9520
v 0.5186 2.1874 2.9520
v 0.3889 2.1875 2.9520
v 0.2748 2.1892 2.9520
v 0.1783 2.1926 2.9520
v 0.1014 2.1977 2.9520
v 0.0454 2.2041 2.9520
v 0.0114 2.2117 2.9520
v 0.0000 2.2415 3.3600
v 0.0114 2.2954 3.3600
v 0.0454 2.3452 3.3600
v 0.1014 2.3898 3.3600
v 0.1783 2.4279 3.3600
v 0.2748 2.4582 3.3600
v 0.3889 2.4800 3.3600
v 0.5186 2.4927 3.3600
v 0.6614 2.4965 3.3600
v 0.8148 2.4921 3.3600
v 0.9758 2.4806 3.3600
v 1.1414 2.4633 3.3600
v 1.3086 2.4419 3.3600
v 1.4742 2.4176 3.3600
v 1.6352 2.3919 3.3600
v 1.7886 2.3660 3.3600
v 1.9314 2.3407 3.3600
v 2.0611 2.3170 3.3600
v 2.1752 2.2956 3.3600
v 2.2717 2.2770 3.3600
v 2.3486 2.2619 3.3600
v 2.4046 2.2507 3.3600
v 2.4386 2.2438 3.3600
v 2.4500 2.2415 3.3600
v 2.4386 2.2415 3.3600
v 2.4046 2.2415 3.3600
v 2.3486 2.2413 3.3600
v 2.2717 2.2410 3.3600
v 2.1752 2.2403 3.3600
v 2.0611 2.2391 3.3600
v 1.9314 2.2374 3.3600
v 1.7886 2.2351 3.3600
v 1.6352 2.2321 3.3600
v 1.4742 2.2286 3.3600
v 1.3086 2.2247 3.3600
v 1.1414 2.2205 3.3600
v 0.9758 2.2165 3.3600
v 0.8148 2.2130 3.3600
v 0.6614 2.2103 3.3600
v 0.5186 2.2088 3.3600
v 0.3889 2.2089 3.3600
v 0.2748 2.2106 3.3600
v 0.1783 2.2140 3.3600
v 0.1014 2.2191 3.3600
v 0.0454 2.2255 3.3600
v 0.0114 2.2331 3.3600
v 0.0000 2.2629 3.7680
v 0.0114 2.3168 3.7680
v 0.0454 2.3666 3.7680
v 0.1014 2.4112 3.7680
v 0.1783 2.4492 3.7680
v 0.2748 2.4796 3.7680
v 0.3889 2.5014 3.7680
v 0.5186 2.5141 3.7680
v 0.6614 2.5179 3.7680
v 0.8148 2.5135 3.7680
v 0.9758 2.5020 3.7680
v 1.1414 2.4847 3.7680
v 1.3086 2.4632 3.7680
v 1.4742 2.4390 3.7680
v 1.6352 2.4133 3.7680
v 1.7886 2.3874 3.7680
v 1.9314 2.3621 3.7680
v 2.0611 2.3384 3.7680
v 2.1752 2.3170 3.7680
v 2.2717 2.2984 3.7680
v 2.3486 2.2833 3.7680
v 2.4046 2.2721 3.7680
v 2.4386 2.2652 3.7680
v 2.4500 2.2629 3.7680
v 2.4386 2.2629 3.7680
v 2.4046 2.2628 3.7680
v 2.3486 2.2627 3.7680
v 2.2717 2.2624 3.7680
v 2.1752 2.2617 3.7680
v 2.0611 2.2605 3.7680
v 1.9314 2.2588 3.7680
v 1.7886 2.2565 3.7680
v 1.6352 2.2535 3.7680
v 1.4742 2.2500 3.7680
v 1.3086 2.2461 3.7680
v 1.1414 2.2419 3.7680
v 0.9758 2.2379 3.7680
v 0.8148 2.2344 3.7680
v 0.6614 2.2317 3.7680
v 0.5186 2.2302 3.7680
v 0.3889 2.2302 3.7680
v 0.2748 2.2320 3.7680
v 0.1783 2.2354 3.7680
v 0.1014 2.2404 3.7680
v 0.0454 2.2469 3.7680
v 0.0114 2.2545 3.7680
v 0.0000 2.2843 4.1760
v 0.0114 2.3382 4.1760
v 0.0454 2.3880 4.1760
v 0.1014 2.4326 4.1760
v 0.1783 2.4706 4.1760
v 0.2748 2.5010 4.1760
v 0.3889 2.5227 4.1760
v 0.5186 2.5355 4.1760
v 0.6614 2.5393 4.1760
v 0.8148 2.5349 4.1760
v 0.9758 2.5234 4.1760
v 1.1414 2.5061 4.1760
v 1.3086 2.4846 4.1760
v 1.4742 2.4604 4.1760
v 1.6352 2.4347 4.1760
v 1.7886 2.4088 4.1760
v 1.9314 2.3835 4.1760
v 2.0611 2.3598 4.1760
v 2.1752 2.3383 4.1760
v 2.2717 2.3198 4.1760
v 2.3486 2.3046 4.1760
v 2.4046 2.2935 4.1760
v 2.4386 2.2866 4.1760
v 2.4500 2.2843 4.1760
v 2.4386 2.2843 4.1760
v 2.4046 2.2842 4.1760
v 2.3486 2.2841 4.1760
v 2.2717 2.2837 4.1760
v 2.1752 2.2830 4.1760
v 2.0611 2.2819 4.1760
v 1.9314 2.2802 4.1760
v 1.7886 2.2778 4.1760
v 1.6352 2.2749 4.1760
v 1.4742 2.2714 4.1760
v 1.3086 2.2674 4.1760
v 1.1414 2.2633 4.1760
v 0.9758 2.2593 4.1760
v 0.8148 2.2558 4.1760
v 0.6614 2.2531 4.1760
v 0.5186 2.2516 4.1760
v 0.3889 2.2516 4.1760
v 0.2748 2.2533 4.1760
v 0.1783 2.2568 4.1760
v 0.1014 2.2618 4.1760
v 0.0454 2.2683 4.1760
v 0.0114 2.2759 4.1760
v 0.0000 2.3056 4.5840
v 0.0114 2.3596 4.5840
v 0.0454 2.4094 4.5840
v 0.1014 2.4539 4.5840
v 0.1783 2.4920 4.5840
v 0.2748 2.5224 4.5840
v 0.3889 2.5441 4.5840
v 0.5186 2.5568 4.5840
v 0.6614 2.5607 4.5840
v 0.8148 2.5563 4.5840
v 0.9758 2.5447 4.5840
v 1.1414 2.5275 4.5840
v 1.3086 2.5060 4.5840
v 1.4742 2.4818 4.5840
v 1.6352 2.4561 4.5840
v 1.7886 2.4301 4.5840
v 1.9314 2.4049 4.5840
v 2.0611 2.3812 4.5840
v 2.1752 2.3597 4.5840
v 2.2717 2.3411 4.5840
v 2.3486 2.3260 4.5840
v 2.4046 2.3148 4.5840
v 2.4386 2.3080 4.5840
v 2.4500 2.3056 4.5840
v 2.4386 2.3056 4.5840
v 2.4046 2.3056 4.5840
v 2.3486 2.3055 4.5840
v 2.2717 2.3051 4.5840
v 2.1752 2.3044 4.5840
v 2.0611 2.3033 4.5840
v 1.9314 2.3016 4.5840
v 1.7886 2.2992 4.5840
v 1.6352 2.2963 4.5840
v 1.4742 2.2927 4.5840
v 1.3086 2.2888 4.5840
v 1.1414 2.2847 4.5840
v 0.9758 2.2807 4.5840
v 0.8148 2.2771 4.5840
v 0.6614 2.2745 4.5840
v 0.5186 2.2730 4.5840
v 0.3889 2.2730 4.5840
v 0.2748 2.2747 4.5840
v 0.1783 2.2781 4.5840
v 0.1014 2.2832 4.5840
v 0.0454 2.2897 4.5840
v 0.0114 2.2973 4.5840
v 0.0000 2.3270 4.9920
v 0.0114 2.3809 4.9920
v 0.0454 2.4307 4.9920
v 0.1014 2.4753 4.9920
v 0.1783 2.5134 4.9920
v 0.2748 2.5438 4.9920
v 0.3889 2.5655 4.9920
v 0.5186 2.5782 4.9920
v 0.6614 2.5821 4.9920
v 0.8148 2.5777 4.9920
v 0.9758 2.5661 4.9920
v 1.1414 2.5489 4.9920
v 1.3086 2.5274 4.9920
v 1.4742 2.5031 4.9920
v 1.6352 2.4775 4.9920
v 1.7886 2.4515 4.9920
v 1.9314 2.4263 4.9920
v 2.0611 2.4026 4.9920
v 2.1752 2.3811 4.9920
v 2.2717 2.3625 4.9920
v 2.3486 2.3474 4.9920
v 2.4046 2.3362 4.9920
v 2.4386 2.3293 4.9920
v 2.4500 2.3270 4.9920
v 2.4386 2.3270 4.9920
v 2.4046 2.3270 4.9920
v 2.3486 2.3269 4.9920
v 2.2717 2.3265 4.9920
v 2.1752 2.3258 4.9920
v 2.0611 2.3247 4.9920
v 1.9314 2.3229 4.9920
v 1.7886 2.3206 4.9920
v 1.6352 2.3176 4.9920
v 1.4742 2.3141 4.9920
v 1.3086 2.3102 4.9920
v 1.1414 2.3061 4.9920
v 0.9758 2.3021 4.9920
v 0.8148 2.2985 4.9920
v 0.6614 2.2958 4.9920
v 0.5186 2.2944 4.9920
v 0.3889 2.2944 4.9920
v 0.2748 2.2961 4.9920
v 0.1783 2.2995 4.9920
v 0.1014 2.3046 4.9920
v 0.0454 2.3111 4.9920
v 0.0114 2.3186 4.9920
v 0.0000 2.3484 5.4000
v 0.0114 2.4023 5.4000
v 0.0454 2.4521 5.4000
v 0.1014 2.4967 5.4000
v 0.1783 2.5348 5.4000
v 0.2748 2.5651 5.4000
v 0.3889 2.5869 5.4000
v 0.5186 2.5996 5.4000
v 0.6614 2.6034 5.4000
v 0.8148 2.5990 5.4000
v 0.9758 2.5875 5.4000
v 1.1414 2.5703 5.4000
v 1.3086 2.5488 5.4000
v 1.4742 2.5245 5.4000
v 1.6352 2.4988 5.4000
v 1.7886 2.4729 5.4000
v 1.9314 2.4477 5.4000
v 2.0611 2.4239 5.4000
v 2.1752 2.4025 5.4000
v 2.2717 2.3839 5.4000
v 2.3486 2.3688 5.4000
v 2.4046 2.3576 5.4000
v 2.4386 2.3507 5.4000
v 2.4500 2.3484 5.4000
v 2.4386 2.3484 5.4000
v 2.4046 2.3484 5.4000
v 2.3486 2.3482 5.4000
v 2.2717 2.3479 5.4000
v 2.1752 2.3472 5.4000
v 2.0611 2.3460 5.4000
v 1.9314 2.3443 5.4000
v 1.7886 2.3420 5.4000
v 1.6352 2.3390 5.4000
v 1.4742 2.3355 5.4000
v 1.3086 2.3316 5.4000
v 1.1414 2.3275 5.4000
v 0.9758 2.3234 5.4000
v 0.8148 2.3199 5.4000
v 0.6614 2.3172 5.4000
v 0.5186 2.3157 5.4000
v 0.3889 2.3158 5.4000
v 0.2748 2.3175 5.4000
v 0.1783 2.3209 5.4000
v 0.1014 2.3260 5.4000
v 0.0454 2.3324 5.4000
v 0.0114 2.3400 5.4000
v 0.0000 2.3709 5.8295
v 0.0114 2.4248 5.8295
v 0.0454 2.4746 5.8295
v 0.1014 2.5192 5.8295
v 0.1783 2.5573 5.8295
v 0.2748 2.5876 5.8295
v 0.3889 2.6094 5.8295
v 0.5186 2.6221 5.8295
v 0.6614 2.6259 5.8295
v 0.8148 2.6215 5.8295
v 0.9758 2.6100 5.8295
v 1.1414 2.5928 5.8295
v 1.3086 2.5713 5.8295
v 1.4742 2.5470 5.8295
v 1.6352 2.5214 5.8295
v 1.7886 2.4954 5.8295
v 1.9314 2.4702 5.8295
v 2.0611 2.4465 5.8295
v 2.1752 2.4250 5.8295
v 2.2717 2.4064 5.8295
v 2.3486 2.3913 5.8295
v 2.4046 2.3801 5.8295
v 2.4386 2.3732 5.8295
v 2.4500 2.3709 5.8295
v 2.4386 2.3709 5.8295
v 2.4046 2.3709 5.8295
v 2.3486 2.3707 5.8295
v 2.2717 2.3704 5.8295
v 2.1752 2.3697 5.8295
v 2.0611 2.3685 5.8295
v 1.9314 2.3668 5.8295
v 1.7886 2.3645 5.8295
v 1.6352 2.3615 5.8295
v 1.4742 2.3580 5.8295
v 1.3086 2.3541 5.8295
v 1.1414 2.3500 5.8295
v 0.9758 2.3460 5.8295
v 0.8148 2.3424 5.8295
v 0.6614 2.3397 5.8295
v 0.5186 2.3383 5.8295
v 0.3889 2.3383 5.8295
v 0.2748 2.3400 5.8295
v 0.1783 2.3434 5.8295
v 0.1014 2.3485 5.8295
v 0.0454 2.3549 5.8295
v 0.0114 2.3625 5.8295
v 0.0000 2.3934 6.2590
v 0.0114 2.4473 6.2590
v 0.0454 2.4971 6.2590
v 0.1014 2.5417 6.2590
v 0.1783 2.5798 6.2590
v 0.2748 2.6102 6.2590
v 0.3889 2.6319 6.2590
v 0.5186 2.6446 6.2590
v 0.6614 2.6485 6.2590
v 0.8148 2.6441 6.2590
v 0.9758 2.6325 6.2590
v 1.1414 2.6153 6.2590
v 1.3086 2.5938 6.2590
v 1.4742 2.5695 6.2590
v 1.6352 2.5439 6.2590
v 1.7886 2.5179 6.2590
v 1.9314 2.4927 6.2590
v 2.0611 2.4690 6.2590
v 2.1752 2.4475 6.2590
v 2.2717 2.4289 6.2590
v 2.3486 2.4138 6.2590
v 2.4046 2.4026 6.2590
v 2.4386 2.3957 6.2590
v 2.4500 2.3934 6.2590
v 2.4386 2.3934 6.2590
v 2.4046 2.3934 6.2590
v 2.3486 2.3933 6.2590
v 2.2717 2.3929 6.2590
v 2.1752 2.3922 6.2590
v 2.0611 2.3911 6.2590
v 1.9314 2.3893 6.2590
v 1.7886 2.3870 6.2590
v 1.6352 2.3840 6.2590
v 1.4742 2.3805 6.2590
v 1.3086 2.3766 6.2590
v 1.1414 2.3725 6.2590
v 0.9758 2.3685 6.2590
v 0.8148 2.3649 6.2590
v 0.6614 2.3622 6.2590
v 0.5186 2.3608 6.2590
v 0.3889 2.3608 6.2590
v 0.2748 2.3625 6.2590
v 0.1783 2.3659 6.2590
v 0.1014 2.3710 6.2590
v 0.0454 2.3775 6.2590
v 0.0114 2.3850 6.2590
v 0.0000 2.4159 6.6885
v 0.0114 2.4698 6.6885
v 0.0454 2.5197 6.6885
v 0.1014 2.5642 6.6885
v 0.1783 2.6023 6.6885
v 0.2748 2.6327 6.6885
v 0.3889 2.6544 6.6885
v 0.5186 2.6671 6.6885
v 0.6614 2.6710 6.6885
v 0.8148 2.6666 6.6885
v 0.9758 2.6550 6.6885
v 1.1414 2.6378 6.6885
v 1.3086 2.6163 6.6885
v 1.4742 2.5920 6.6885
v 1.6352 2.5664 6.6885
v 1.7886 2.5404 6.6885
v 1.9314 2.5152 6.6885
v 2.0611 2.4915 6.6885
v 2.1752 2.4700 6.6885
v 2.2717 2.4514 6.6885
v 2.3486 2.4363 6.6885
v 2.4046 2.4251 6.6885
v 2.4386 2.4183 6.6885
v 2.4500 2.4159 6.6885
v 2.4386 2.4159 6.6885
v 2.4046 2.4159 6.6885
v 2.3486 2.4158 6.6885
v 2.2717 2.4154 6.6885
v 2.1752 2.4147 6.6885
v 2.0611 2.4136 6.6885
v 1.9314 2.4119 6.6885
v 1.7886 2.4095 6.6885
v 1.6352 2.4066 6.6885
v 1.4742 2.4030 6.6885
v 1.3086 2.3991 6.6885
v 1.1414 2.3950 6.6885
v 0.9758 2.3910 6.6885
v 0.8148 2.3874 6.6885
v 0.6614 2.3847 6.6885
v 0.5186 2.3833 6.6885
v 0.3889 2.3833 6.6885
v 0.2748 2.3850 6.6885
v 0.1783 2.3884 6.6885
v 0.1014 2.3935 6.6885
v 0.0454 2.4000 6.6885
v 0.0114 2.4075 6.6885
v 0.0000 2.4384 7.1180
v 0.0114 2.4924 7.1180
v 0.0454 2.5422 7.1180
v 0.1014 2.5867 7.1180
v 0.1783 2.6248 7.1180
v 0.2748 2.6552 7.1180
v 0.3889 2.6769 7.1180
v 0.5186 2.6897 7.1180
v 0.6614 2.6935 7.1180
v 0.8148 2.6891 7.1180
v 0.9758 2.6775 7.1180
v 1.1414 2.6603 7.1180
v 1.3086 2.6388 7.1180
v 1.4742 2.6146 7.1180
v 1.6352 2.5889 7.1180
v 1.7886 2.5629 7.1180
v 1.9314 2.5377 7.1180
v 2.0611 2.5140 7.1180
v 2.1752 2.4925 7.1180
v 2.2717 2.4739 7.1180
v 2.3486 2.4588 7.1180
v 2.4046 2.4476 7.1180
v 2.4386 2.4408 7.1180
v 2.4500 2.4384 7.1180
v 2.4386 2.4384 7.1180
v 2.4046 2.4384 7.1180
v 2.3486 2.4383 7.1180
v 2.2717 2.4379 7.1180
v 2.1752 2.4372 7.1180
v 2.0611 2.4361 7.1180
v 1.9314 2.4344 7.1180
v 1.7886 2.4320 7.1180
v 1.6352 2.4291 7.1180
v 1.4742 2.4255 7.1180
v 1.3086 2.4216 7.1180
v 1.1414 2.4175 7.1180
v 0.9758 2.4135 7.1180
v 0.8148 2.4099 7.1180
v 0.6614 2.4073 7.1180
v 0.5186 2.4058 7.1180
v 0.3889 2.4058 7.1180
v 0.2748 2.4075 7.1180
v 0.1783 2.4109 7.1180
v 0.1014 2.4160 7.1180
v 0.0454 2.4225 7.1180
v 0.0114 2.4301 7.1180
v 0.0000 2.4591 7.5120
v 0.0114 2.5130 7.5120
v 0.0454 2.5628 7.5120
v 0.1014 2.6074 7.5120
v 0.1783 2.6455 7.5120
v 0.2748 2.6758 7.5120
v 0.3889 2.6976 7.5120
v 0.5186 2.7103 7.5120
v 0.6614 2.7141 7.5120
v 0.8148 2.7097 7.5120
v 0.9758 2.6982 7.5120
v 1.1414 2.6809 7.5120
v 1.3086 2.6595 7.5120
v 1.4742 2.6352 7.5120
v 1.6352 2.6095 7.5120
v 1.7886 2.5836 7.5120
v 1.9314 2.5583 7.5120
v 2.0611 2.5346 7.5120
v 2.1752 2.5132 7.5120
v 2.2717 2.4946 7.5120
v 2.3486 2.4795 7.5120
v 2.4046 2.4683 7.5120
v 2.4386 2.4614 7.5120
v 2.4500 2.4591 7.5120
v 2.4386 2.4591 7.5120
v 2.4046 2.4591 7.5120
v 2.3486 2.4589 7.5120
v 2.2717 2.4586 7.5120
v 2.1752 2.4579 7.5120
v 2.0611 2.4567 7.5120
v 1.9314 2.4550 7.5120
v 1.7886 2.4527 7.5120
v 1.6352 2.4497 7.5120
v 1.4742 2.4462 7.5120
v 1.3086 2.4423 7.5120
v 1.1414 2.4381 7.5120
v 0.9758 2.4341 7.5120
v 0.8148 2.4306 7.5120
v 0.6614 2.4279 7.5120
v 0.5186 2.4264 7.5120
v 0.3889 2.4265 7.5120
v 0.2748 2.4282 7.5120
v 0.1783 2.4316 7.5120
v 0.1014 2.4367 7.5120
v 0.0454 2.4431 7.5120
v 0.0114 2.4507 7.5120
v 0.0000 2.4797 7.9060
v 0.0114 2.5336 7.9060
v 0.0454 2.5835 7.9060
v 0.1014 2.6280 7.9060
v 0.1783 2.6661 7.9060
v 0.2748 2.6965 7.9060
v 0.3889 2.7182 7.9060
v 0.5186 2.7309 7.9060
v 0.6614 2.7348 7.9060
v 0.8148 2.7304 7.9060
v 0.9758 2.7188 7.9060
v 1.1414 2.7016 7.9060
v 1.3086 2.6801 7.9060
v 1.4742 2.6559 7.9060
v 1.6352 2.6302 7.9060
v 1.7886 2.6042 7.9060
v 1.9314 2.5790 7.9060
v 2.0611 2.5553 7.9060
v 2.1752 2.5338 7.9060
v 2.2717 2.5152 7.9060
v 2.3486 2.5001 7.9060
v 2.4046 2.4889 7.9060
v 2.4386 2.4821 7.9060
v 2.4500 2.4797 7.9060
v 2.4386 2.4797 7.9060
v 2.4046 2.4797 7.9060
v 2.3486 2.4796 7.9060
v 2.2717 2.4792 7.9060
v 2.1752 2.4785 7.9060
v 2.0611 2.4774 7.9060
v 1.9314 2.4757 7.9060
v 1.7886 2.4733 7.9060
v 1.6352 2.4704 7.9060
v 1.4742 2.4668 7.9060
v 1.3086 2.4629 7.9060
v 1.1414 2.4588 7.9060
v 0.9758 2.4548 7.9060
v 0.8148 2.4512 7.9060
v 0.6614 2.4486 7.9060
v 0.5186 2.4471 7.9060
v 0.3889 2.4471 7.9060
v 0.2748 2.4488 7.9060
v 0.1783 2.4522 7.9060
v 0.1014 2.4573 7.9060
v 0.0454 2.4638 7.9060
v 0.0114 2.4714 7.9060
v 0.0000 2.5004 8.3000
v 0.0114 2.5543 8.3000
v 0.0454 2.6041 8.3000
v 0.1014 2.6487 8.3000
v 0.1783 2.6868 8.3000
v 0.2748 2.7171 8.3000
v 0.3889 2.7389 8.3000
v 0.5186 2.7516 8.3000
v 0.6614 2.7554 8.3000
v 0.8148 2.7510 8.3000
v 0.9758 2.7395 8.3000
v 1.1414 2.7222 8.3000
v 1.3086 2.7008 8.3000
v 1.4742 2.6765 8.3000
v 1.6352 2.6508 8.3000
v 1.7886 2.6249 8.3000
v 1.9314 2.5996 8.3000
v 2.0611 2.5759 8.3000
v 2.1752 2.5545 8.3000
v 2.2717 2.5359 8.3000
v 2.3486 2.5208 8.3000
v 2.4046 2.5096 8.3000
v 2.4386 2.5027 8.3000
v 2.4500 2.5004 8.3000
v 2.4386 2.5004 8.3000
v 2.4046 2.5004 8.3000
v 2.3486 2.5002 8.3000
v 2.2717 2.4999 8.3000
v 2.1752 2.4992 8.3000
v 2.0611 2.4980 8.3000
v 1.9314 2.4963 8.3000
v 1.7886 2.4940 8.3000
v 1.6352 2.4910 8.3000
v 1.4742 2.4875 8.3000
v 1.3086 2.4836 8.3000
v 1.1414 2.4794 8.3000
v 0.9758 2.4754 8.3000
v 0.8148 2.4719 8.3000
v 0.6614 2.4692 8.3000
v 0.5186 2.4677 8.3000
v 0.3889 2.4678 8.3000
v 0.2748 2.4695 8.3000
v 0.1783 2.4729 8.3000
v 0.1014 2.4780 8.3000
v 0.0454 2.4844 8.3000
v 0.0114 2.4920 8.3000
v 0.0000 2.5210 8.6940
v 0.0114 2.5749 8.6940
v 0.0454 2.6248 8.6940
v 0.1014 2.6693 8.6940
v 0.1783 2.7074 8.6940
v 0.2748 2.7378 8.6940
v 0.3889 2.7595 8.6940
v 0.5186 2.7722 8.6940
v 0.6614 2.7761 8.6940
v 0.8148 2.7717 8.6940
v 0.9758 2.7601 8.6940
v 1.1414 2.7429 8.6940
v 1.3086 2.7214 8.6940
v 1.4742 2.6972 8.6940
v 1.6352 2.6715 8.6940
v 1.7886 2.6455 8.6940
v 1.9314 2.6203 8.6940
v 2.0611 2.5966 8.6940
v 2.1752 2.5751 8.6940
v 2.2717 2.5565 8.6940
v 2.3486 2.5414 8.6940
v 2.4046 2.5302 8.6940
v 2.4386 2.5234 8.6940
v 2.4500 2.5210 8.6940
v 2.4386 2.5210 8.6940
v 2.4046 2.5210 8.6940
v 2.3486 2.5209 8.6940
v 2.2717 2.5205 8.6940
v 2.1752 2.5198 8.6940
v 2.0611 2.5187 8.6940
v 1.9314 2.5170 8.6940
v 1.7886 2.5146 8.6940
v 1.6352 2.5117 8.6940
v 1.4742 2.5081 8.6940
v 1.3086 2.5042 8.6940
v 1.1414 2.5001 8.6940
v 0.9758 2.4961 8.6940
v 0.8148 2.4925 8.6940
v 0.6614 2.4898 8.6940
v 0.5186 2.4884 8.6940
v 0.3889 2.4884 8.6940
v 0.2748 2.4901 8.6940
v 0.1783 2.4935 8.6940
v 0.1014 2.4986 8.6940
v 0.0454 2.5051 8.6940
v 0.0114 2.5127 8.6940
v 0.0000 2.5417 9.0880
v 0.0114 2.5956 9.0880
v 0.0454 2.6454 9.0880
v 0.1014 2.6900 9.0880
v 0.1783 2.7281 9.0880
v 0.2748 2.7584 9.0880
v 0.3889 2.7802 9.0880
v 0.5186 2.7929 9.0880
v 0.6614 2.7967 9.0880
v 0.8148 2.7923 9.0880
v 0.9758 2.7808 9.0880
v 1.1414 2.7635 9.0880
v 1.3086 2.7420 9.0880
v 1.4742 2.7178 9.0880
v 1.6352 2.6921 9.0880
v 1.7886 2.6662 9.0880
v 1.9314 2.6409 9.0880
v 2.0611 2.6172 9.0880
v 2.1752 2.5958 9.0880
v 2.2717 2.5772 9.0880
v 2.3486 2.5621 9.0880
v 2.4046 2.5509 9.0880
v 2.4386 2.5440 9.0880
v 2.4500 2.5417 9.0880
v 2.4386 2.5417 9.0880
v 2.4046 2.5417 9.0880
v 2.3486 2.5415 9.0880
v 2.2717 2.5412 9.0880
v 2.1752 2.5405 9.0880
v 2.0611 2.5393 9.0880
v 1.9314 2.5376 9.0880
v 1.7886 2.5353 9.0880
v 1.6352 2.5323 9.0880
v 1.4742 2.5288 9.0880
v 1.3086 2.5249 9.0880
v 1.1414 2.5207 9.0880
v 0.9758 2.5167 9.0880
v 0.8148 2.5132 9.0880
v 0.6614 2.5105 9.0880
v 0.5186 2.5090 9.0880
v 0.3889 2.5090 9.0880
v 0.2748 2.5108 9.0880
v 0.1783 2.5142 9.0880
v 0.1014 2.5192 9.0880
v 0.0454 2.5257 9.0880
v 0.0114 2.5333 9.0880
v 0.5500 0.0000 1.3200
v 0.5593 0.0440 1.3200
v 0.5871 0.0847 1.3200
v 0.6328 0.1211 1.3200
v 0.6956 0.1521 1.3200
v 0.7743 0.1769 1.3200
v 0.8674 0.1947 1.3200
v 0.9733 0.2051 1.3200
v 1.0899 0.2082 1.3200
v 1.2151 0.2046 1.3200
v 1.3465 0.1952 1.3200
v 1.4818 0.1811 1.3200
v 1.6182 0.1636 1.3200
v 1.7535 0.1438 1.3200
v 1.8849 0.1228 1.3200
v 2.0101 0.1016 1.3200
v 2.1267 0.0810 1.3200
v 2.2326 0.0617 1.3200
v 2.3257 0.0441 1.3200
v 2.4044 0.0290 1.3200
v 2.4672 0.0166 1.3200
v 2.5129 0.0075 1.3200
v 2.5407 0.0019 1.3200
v 2.5500 -0.0000 1.3200
v 2.5407 -0.0000 1.3200
v 2.5129 -0.0000 1.3200
v 2.4672 -0.0001 1.3200
v 2.4044 -0.0004 1.3200
v 2.3257 -0.0010 1.3200
v 2.2326 -0.0019 1.3200
v 2.1267 -0.0033 1.3200
v 2.0101 -0.0052 1.3200
v 1.8849 -0.0077 1.3200
v 1.7535 -0.0105 1.3200
v 1.6182 -0.0137 1.3200
v 1.4818 -0.0171 1.3200
v 1.3465 -0.0204 1.3200
v 1.2151 -0.0233 1.3200
v 1.0899 -0.0255 1.3200
v 0.9733 -0.0267 1.3200
v 0.8674 -0.0266 1.3200
v 0.7743 -0.0253 1.3200
v 0.6956 -0.0224 1.3200
v 0.6328 -0.0183 1.3200
v 0.5871 -0.0130 1.3200
v 0.5593 -0.0069 1.3200
v 0.5500 0.0308 1.7280
v 0.5593 0.0748 1.7280
v 0.5871 0.1155 1.7280
v 0.6328 0.1519 1.7280
v 0.6956 0.1829 1.7280
v 0.7743 0.2077 1.7280
v 0.8674 0.2255 1.7280
v 0.9733 0.2359 1.7280
v 1.0899 0.2390 1.7280
v 1.2151 0.2354 1.7280
v 1.3465 0.2260 1.7280
v 1.4818 0.2119 1.7280
v 1.6182 0.1944 1.7280
v 1.7535 0.1746 1.7280
v 1.8849 0.1536 1.7280
v 2.0101 0.1324 1.7280
v 2.1267 0.1118 1.7280
v 2.2326 0.0925 1.7280
v 2.3257 0.0749 1.7280
v 2.4044 0.0598 1.7280
v 2.4672 0.0474 1.7280
v 2.5129 0.0383 1.7280
v 2.5407 0.0327 1.7280
v 2.5500 0.0308 1.7280
v 2.5407 0.0308 1.7280
v 2.5129 0.0308 1.7280
v 2.4672 0.0307 1.7280
v 2.4044 0.0304 1.7280
v 2.3257 0.0298 1.7280
v 2.2326 0.0289 1.7280
v 2.1267 0.0275 1.7280
v 2.0101 0.0256 1.7280
v 1.8849 0.0231 1.7280
v 1.7535 0.0203 1.7280
v 1.6182 0.0171 1.7280
v 1.4818 0.0137 1.7280
v 1.3465 0.0104 1.7280
v 1.2151 0.0075 1.7280
v 1.0899 0.0053 1.7280
v 0.9733 0.0041 1.7280
v 0.8674 0.0041 1.7280
v 0.7743 0.0055 1.7280
v 0.6956 0.0083 1.7280
v 0.6328 0.0125 1.7280
v 0.5871 0.0178 1.7280
v 0.5593 0.0239 1.7280
v 0.5500 0.0616 2.1360
v 0.5593 0.1056 2.1360
v 0.5871 0.1463 2.1360
v 0.6328 0.1826 2.1360
v 0.6956 0.2137 2.1360
v 0.7743 0.2385 2.1360
v 0.8674 0.2563 2.1360
v 0.9733 0.2667 2.1360
v 1.0899 0.2698 2.1360
v 1.2151 0.2662 2.1360
v 1.3465 0.2568 2.1360
v 1.4818 0.2427 2.1360
v 1.6182 0.2252 2.1360
v 1.7535 0.2054 2.1360
v 1.8849 0.1844 2.1360
v 2.0101 0.1632 2.1360
v 2.1267 0.1426 2.1360
v 2.2326 0.1233 2.1360
v 2.3257 0.1057 2.1360
v 2.4044 0.0906 2.1360
v 2.4672 0.0782 2.1360
v 2.5129 0.0691 2.1360
v 2.5407 0.0635 2.1360
v 2.5500 0.0616 2.1360
v 2.5407 0.0616 2.1360
v 2.5129 0.0616 2.1360
v 2.4672 0.0615 2.1360
v 2.4044 0.0612 2.1360
v 2.3257 0.0606 2.1360
v 2.2326 0.0597 2.1360
v 2.1267 0.0583 2.1360
v 2.0101 0.0564 2.1360
v 1.8849 0.0539 2.1360
v 1.7535 0.0511 2.1360
v 1.6182 0.0479 2.1360
v 1.4818 0.0445 2.1360
v 1.3465 0.0412 2.1360
v 1.2151 0.0383 2.1360
v 1.0899 0.0361 2.1360
v 0.9733 0.0349 2.1360
v 0.8674 0.0349 2.1360
v 0.7743 0.0363 2.1360
v 0.6956 0.0391 2.1360
v 0.6328 0.0433 2.1360
v 0.5871 0.0486 2.1360
v 0.5593 0.0547 2.1360
v 0.5500 0.0924 2.5440
v 0.5593 0.1364 2.5440
v 0.5871 0.1771 2.5440
v 0.6328 0.2134 2.5440
v 0.6956 0.2445 2.5440
v 0.7743 0.2693 2.5440
v 0.8674 0.2871 2.5440
v 0.9733 0.2975 2.5440
v 1.0899 0.3006 2.5440
v 1.2151 0.2970 2.5440
v 1.3465 0.2876 2.5440
v 1.4818 0.2735 2.5440
v 1.6182 0.2559 2.5440
v 1.7535 0.2362 2.5440
v 1.8849 0.2152 2.5440
v 2.0101 0.1940 2.5440
v 2.1267 0.1734 2.5440
v 2.2326 0.1540 2.5440
v 2.3257 0.1365 2.5440
v 2.4044 0.1214 2.5440
v 2.4672 0.1090 2.5440
v 2.5129 0.0999 2.5440
v 2.5407 0.0943 2.5440
v 2.5500 0.0924 2.5440
v 2.5407 0.0924 2.5440
v 2.5129 0.0924 2.5440
v 2.4672 0.0922 2.5440
v 2.4044 0.0920 2.5440
v 2.3257 0.0914 2.5440
v 2.2326 0.0905 2.5440
v 2.1267 0.0891 2.5440
v 2.0101 0.0871 2.5440
v 1.8849 0.0847 2.5440
v 1.7535 0.0819 2.5440
v 1.6182 0.0787 2.5440
v 1.4818 0.0753 2.5440
v 1.3465 0.0720 2.5440
v 1.2151 0.0691 2.5440
v 1.0899 0.0669 2.5440
v 0.9733 0.0657 2.5440
v 0.8674 0.0657 2.5440
v 0.7743 0.0671 2.5440
v 0.6956 0.0699 2.5440
v 0.6328 0.0741 2.5440
v 0.5871 0.0793 2.5440
v 0.5593 0.0855 2.5440
v 0.5500 0.1232 2.9520
v 0.5593 0.1672 2.9520
v 0.5871 0.2079 2.9520
v 0.6328 0.2442 2.9520
v 0.6956 0.2753 2.9520
v 0.7743 0.3001 2.9520
v 0.8674 0.3179 2.9520
v 0.9733 0.3283 2.9520
v 1.0899 0.3314 2.9520
v 1.2151 0.3278 2.9520
v 1.3465 0.3184 2.9520
v 1.4818 0.3043 2.9520
v 1.6182 0.2867 2.9520
v 1.7535 0.2670 2.9520
v 1.8849 0.2460 2.9520
v 2.0101 0.2248 2.9520
v 2.1267 0.2042 2.9520
v 2.2326 0.1848 2.9520
v 2.3257 0.1673 2.9520
v 2.4044 0.1522 2.9520
v 2.4672 0.1398 2.9520
v 2.5129 0.1307 2.9520
v 2.5407 0.1251 2.9520
v 2.5500 0.1232 2.9520
v 2.5407 0.1232 2.9520
v 2.5129 0.1232 2.9520
v 2.4672 0.1230 2.9520
v 2.4044 0.1228 2.9520
v 2.3257 0.1222 2.9520
v 2.2326 0.1213 2.9520
v 2.1267 0.1199 2.9520
v 2.0101 0.1179 2.9520
v 1.8849 0.1155 2.9520
v 1.7535 0.1127 2.9520
v 1.6182 0.1094 2.9520
v 1.4818 0.1061 2.9520
v 1.3465 0.1028 2.9520
v 1.2151 0.0999 2.9520
v 1.0899 0.0977 2.9520
v 0.9733 0.0965 2.9520
v 0.8674 0.0965 2.9520
v 0.7743 0.0979 2.9520
v 0.6956 0.1007 2.9520
v 0.6328 0.1049 2.9520
v 0.5871 0.1101 2.9520
v 0.5593 0.1163 2.9520
v 0.5500 0.1540 3.3600
v 0.5593 0.1980 3.3600
v 0.5871 0.2386 3.3600
v 0.6328 0.2750 3.3600
v 0.6956 0.3061 3.3600
v 0.7743 0.3309 3.3600
v 0.8674 0.3487 3.3600
v 0.9733 0.3590 3.3600
v 1.0899 0.3622 3.3600
v 1.2151 0.3586 3.3600
v 1.3465 0.3492 3.3600
v 1.4818 0.3351 3.3600
v 1.6182 0.3175 3.3600
v 1.7535 0.2977 3.3600
v 1.8849 0.2768 3.3600
v 2.0101 0.2556 3.3600
v 2.1267 0.2350 3.3600
v 2.2326 0.2156 3.3600
v 2.3257 0.1981 3.3600
v 2.4044 0.1830 3.3600
v 2.4672 0.1706 3.3600
v 2.5129 0.1615 3.3600
v 2.5407 0.1559 3.3600
v 2.5500 0.1540 3.3600
v 2.5407 0.1540 3.3600
v 2.5129 0.1540 3.3600
v 2.4672 0.1538 3.3600
v 2.4044 0.1536 3.3600
v 2.3257 0.1530 3.3600
v 2.2326 0.1520 3.3600
v 2.1267 0.1506 3.3600
v 2.0101 0.1487 3.3600
v 1.8849 0.1463 3.3600
v 1.7535 0.1435 3.3600
v 1.6182 0.1402 3.3600
v 1.4818 0.1369 3.3600
v 1.3465 0.1336 3.3600
v 1.2151 0.1307 3.3600
v 1.0899 0.1285 3.3600
v 0.9733 0.1273 3.3600
v 0.8674 0.1273 3.3600
v 0.7743 0.1287 3.3600
v 0.6956 0.1315 3.3600
v 0.6328 0.1357 3.3600
v 0.5871 0.1409 3.3600
v 0.5593 0.1471 3.3600
v 0.5500 0.1848 3.7680
v 0.5593 0.2288 3.7680
v 0.5871 0.2694 3.7680
v 0.6328 0.3058 3.7680
v 0.6956 0.3369 3.7680
v 0.7743 0.3617 3.7680
v 0.8674 0.3795 3.7680
v 0.9733 0.3898 3.7680
v 1.0899 0.3930 3.7680
v 1.2151 0.3894 3.7680
v 1.3465 0.3800 3.7680
v 1.4818 0.3659 3.7680
v 1.6182 0.3483 3.7680
v 1.7535 0.3285 3.7680
v 1.8849 0.3076 3.7680
v 2.0101 0.2864 3.7680
v 2.1267 0.2658 3.7680
v 2.2326 0.2464 3.7680
v 2.3257 0.2289 3.7680
v 2.4044 0.2138 3.7680
v 2.4672 0.2014 3.7680
v 2.5129 0.1923 3.7680
v 2.5407 0.1867 3.7680
v 2.5500 0.1848 3.7680
v 2.5407 0.1848 3.7680
v 2.5129 0.1848 3.7680
v 2.4672 0.1846 3.7680
v 2.4044 0.1844 3.7680
v 2.3257 0.1838 3.7680
v 2.2326 0.1828 3.7680
v 2.1267 0.1814 3.7680
v 2.0101 0.1795 3.7680
v 1.8849 0.1771 3.7680
v 1.7535 0.1743 3.7680
v 1.6182 0.1710 3.7680
v 1.4818 0.1677 3.7680
v 1.3465 0.1644 3.7680
v 1.2151 0.1615 3.7680
v 1.0899 0.1593 3.7680
v 0.9733 0.1581 3.7680
v 0.8674 0.1581 3.7680
v 0.7743 0.1595 3.7680
v 0.6956 0.1623 3.7680
v 0.6328 0.1665 3.7680
v 0.5871 0.1717 3.7680
v 0.5593 0.1779 3.7680
v 0.5500 0.2156 4.1760
v 0.5593 0.2596 4.1760
v 0.5871 0.3002 4.1760
v 0.6328 0.3366 4.1760
v 0.6956 0.3677 4.1760
v 0.7743 0.3925 4.1760
v 0.8674 0.4103 4.1760
v 0.9733 0.4206 4.1760
v 1.0899 0.4238 4.1760
v 1.2151 0.4202 4.1760
v 1.3465 0.4108 4.1760
v 1.4818 0.3967 4.1760
v 1.6182 0.3791 4.1760
v 1.7535 0.3593 4.1760
v 1.8849 0.3384 4.1760
v 2.0101 0.3172 4.1760
v 2.1267 0.2966 4.1760
v 2.2326 0.2772 4.1760
v 2.3257 0.2597 4.1760
v 2.4044 0.2446 4.1760
v 2.4672 0.2322 4.1760
v 2.5129 0.2231 4.1760
v 2.5407 0.2175 4.1760
v 2.5500 0.2156 4.1760
v 2.5407 0.2156 4.1760
v 2.5129 0.2156 4.1760
v 2.4672 0.2154 4.1760
v 2.4044 0.2152 4.1760
v 2.3257 0.2146 4.1760
v 2.2326 0.2136 4.1760
v 2.1267 0.2122 4.1760
v 2.0101 0.2103 4.1760
v 1.8849 0.2079 4.1760
v 1.7535 0.2050 4.1760
v 1.6182 0.2018 4.1760
v 1.4818 0.1985 4.1760
v 1.3465 0.1952 4.1760
v 1.2151 0.1923 4.1760
v 1.0899 0.1901 4.1760
v 0.9733 0.1889 4.1760
v 0.8674 0.1889 4.1760
v 0.7743 0.1903 4.1760
v 0.6956 0.1931 4.1760
v 0.6328 0.1973 4.1760
v 0.5871 0.2025 4.1760
v 0.5593 0.2087 4.1760
v 0.5500 0.2464 4.5840
v 0.5593 0.2904 4.5840
v 0.5871 0.3310 4.5840
v 0.6328 0.3674 4.5840
v 0.6956 0.3985 4.5840
v 0.7743 0.4233 4.5840
v 0.8674 0.4411 4.5840
v 0.9733 0.4514 4.5840
v 1.0899 0.4546 4.5840
v 1.2151 0.4510 4.5840
v 1.3465 0.4416 4.5840
v 1.4818 0.4275 4.5840
v 1.6182 0.4099 4.5840
v 1.7535 0.3901 4.5840
v 1.8849 0.3692 4.5840
v 2.0101 0.3480 4.5840
v 2.1267 0.3274 4.5840
v 2.2326 0.3080 4.5840
v 2.3257 0.2905 4.5840
v 2.4044 0.2754 4.5840
v 2.4672 0.2630 4.5840
v 2.5129 0.2539 4.5840
v 2.5407 0.2483 4.5840
v 2.5500 0.2464 4.5840
v 2.5407 0.2464 4.5840
v 2.5129 0.2463 4.5840
v 2.4672 0.2462 4.5840
v 2.4044 0.2459 4.5840
v 2.3257 0.2454 4.5840
v 2.2326 0.2444 4.5840
v 2.1267 0.2430 4.5840
v 2.0101 0.2411 4.5840
v 1.8849 0.2387 4.5840
v 1.7535 0.2358 4.5840
v 1.6182 0.2326 4.5840
v 1.4818 0.2293 4.5840
v 1.3465 0.2260 4.5840
v 1.2151 0.2231 4.5840
v 1.0899 0.2209 4.5840
v 0.9733 0.2197 4.5840
v 0.8674 0.2197 4.5840
v 0.7743 0.2211 4.5840
v 0.6956 0.2239 4.5840
v 0.6328 0.2281 4.5840
v 0.5871 0.2333 4.5840
v 0.5593 0.2395 4.5840
v 0.5500 0.2772 4.9920
v 0.5593 0.3212 4.9920
v 0.5871 0.3618 4.9920
v 0.6328 0.3982 4.9920
v 0.6956 0.4293 4.9920
v 0.7743 0.4541 4.9920
v 0.8674 0.4718 4.9920
v 0.9733 0.4822 4.9920
v 1.0899 0.4854 4.9920
v 1.2151 0.4818 4.9920
v 1.3465 0.4724 4.9920
v 1.4818 0.4583 4.9920
v 1.6182 0.4407 4.9920
v 1.7535 0.4209 4.9920
v 1.8849 0.4000 4.9920
v 2.0101 0.3788 4.9920
v 2.1267 0.3582 4.9920
v 2.2326 0.3388 4.9920
v 2.3257 0.3213 4.9920
v 2.4044 0.3061 4.9920
v 2.4672 0.2938 4.9920
v 2.5129 0.2847 4.9920
v 2.5407 0.2791 4.9920
v 2.5500 0.2772 4.9920
v 2.5407 0.2772 4.9920
v 2.5129 0.2771 4.9920
v 2.4672 0.2770 4.9920
v 2.4044 0.2767 4.9920
v 2.3257 0.2762 4.9920
v 2.2326 0.2752 4.9920
v 2.1267 0.2738 4.9920
v 2.0101 0.2719 4.9920
v 1.8849 0.2695 4.9920
v 1.7535 0.2666 4.9920
v 1.6182 0.2634 4.9920
v 1.4818 0.2601 4.9920
v 1.3465 0.2568 4.9920
v 1.2151 0.2539 4.9920
v 1.0899 0.2517 4.9920
v 0.9733 0.2505 4.9920
v 0.8674 0.2505 4.9920
v 0.7743 0.2519 4.9920
v 0.6956 0.2547 4.9920
v 0.6328 0.2589 4.9920
v 0.5871 0.2641 4.9920
v 0.5593 0.2703 4.9920
v 0.5500 0.3080 5.4000
v 0.5593 0.3520 5.4000
v 0.5871 0.3926 5.4000
v 0.6328 0.4290 5.4000
v 0.6956 0.4601 5.4000
v 0.7743 0.4849 5.4000
v 0.8674 0.5026 5.4000
v 0.9733 0.5130 5.4000
v 1.0899 0.5162 5.4000
v 1.2151 0.5126 5.4000
v 1.3465 0.5032 5.4000
v 1.4818 0.4891 5.4000
v 1.6182 0.4715 5.4000
v 1.7535 0.4517 5.4000
v 1.8849 0.4308 5.4000
v 2.0101 0.4096 5.4000
v 2.1267 0.3890 5.4000
v 2.2326 0.3696 5.4000
v 2.3257 0.3521 5.4000
v 2.4044 0.3369 5.4000
v 2.4672 0.3246 5.4000
v 2.5129 0.3155 5.4000
v 2.5407 0.3099 5.4000
v 2.5500 0.3080 5.4000
v 2.5407 0.3080 5.4000
v 2.5129 0.3079 5.4000
v 2.4672 0.3078 5.4000
v 2.4044 0.3075 5.4000
v 2.3257 0.3070 5.4000
v 2.2326 0.3060 5.4000
v 2.1267 0.3046 5.4000
v 2.0101 0.3027 5.4000
v 1.8849 0.3003 5.4000
v 1.7535 0.2974 5.4000
v 1.6182 0.2942 5.4000
v 1.4818 0.2909 5.4000
v 1.3465 0.2876 5.4000
v 1.2151 0.2847 5.4000
v 1.0899 0.2825 5.4000
v 0.9733 0.2813 5.4000
v 0.8674 0.2813 5.4000
v 0.7743 0.2827 5.4000
v 0.6956 0.2855 5.4000
v 0.6328 0.2896 5.4000
v 0.5871 0.2949 5.4000
v 0.5593 0.3011 5.4000
v 0.5500 0.3404 5.8295
v 0.5593 0.3844 5.8295
v 0.5871 0.4251 5.8295
v 0.6328 0.4614 5.8295
v 0.6956 0.4925 5.8295
v 0.7743 0.5173 5.8295
v 0.8674 0.5351 5.8295
v 0.9733 0.5455 5.8295
v 1.0899 0.5486 5.8295
v 1.2151 0.5450 5.8295
v 1.3465 0.5356 5.8295
v 1.4818 0.5215 5.8295
v 1.6182 0.5039 5.8295
v 1.7535 0.4842 5.8295
v 1.8849 0.4632 5.8295
v 2.0101 0.4420 5.8295
v 2.1267 0.4214 5.8295
v 2.2326 0.4020 5.8295
v 2.3257 0.3845 5.8295
v 2.4044 0.3694 5.8295
v 2.4672 0.3570 5.8295
v 2.5129 0.3479 5.8295
v 2.5407 0.3423 5.8295
v 2.5500 0.3404 5.8295
v 2.5407 0.3404 5.8295
v 2.5129 0.3404 5.8295
v 2.4672 0.3402 5.8295
v 2.4044 0.3400 5.8295
v 2.3257 0.3394 5.8295
v 2.2326 0.3385 5.8295
v 2.1267 0.3371 5.8295
v 2.0101 0.3351 5.8295
v 1.8849 0.3327 5.8295
v 1.7535 0.3299 5.8295
v 1.6182 0.3266 5.8295
v 1.4818 0.3233 5.8295
v 1.3465 0.3200 5.8295
v 1.2151 0.3171 5.8295
v 1.0899 0.3149 5.8295
v 0.9733 0.3137 5.8295
v 0.8674 0.3137 5.8295
v 0.7743 0.3151 5.8295
v 0.6956 0.3179 5.8295
v 0.6328 0.3221 5.8295
v 0.5871 0.3273 5.8295
v 0.5593 0.3335 5.8295
v 0.5500 0.3728 6.2590
v 0.5593 0.4168 6.2590
v 0.5871 0.4575 6.2590
v 0.6328 0.4939 6.2590
v 0.6956 0.5249 6.2590
v 0.7743 0.5497 6.2590
v 0.8674 0.5675 6.2590
v 0.9733 0.5779 6.2590
v 1.0899 0.5810 6.2590
v 1.2151 0.5774 6.2590
v 1.3465 0.5680 6.2590
v 1.4818 0.5539 6.2590
v 1.6182 0.5364 6.2590
v 1.7535 0.5166 6.2590
v 1.8849 0.4956 6.2590
v 2.0101 0.4744 6.2590
v 2.1267 0.4538 6.2590
v 2.2326 0.4345 6.2590
v 2.3257 0.4169 6.2590
v 2.4044 0.4018 6.2590
v 2.4672 0.3894 6.2590
v 2.5129 0.3803 6.2590
v 2.5407 0.3747 6.2590
v 2.5500 0.3728 6.2590
v 2.5407 0.3728 6.2590
v 2.5129 0.3728 6.2590
v 2.4672 0.3727 6.2590
v 2.4044 0.3724 6.2590
v 2.3257 0.3718 6.2590
v 2.2326 0.3709 6.2590
v 2.1267 0.3695 6.2590
v 2.0101 0.3676 6.2590
v 1.8849 0.3652 6.2590
v 1.7535 0.3623 6.2590
v 1.6182 0.3591 6.2590
v 1.4818 0.3557 6.2590
v 1.3465 0.3524 6.2590
v 1.2151 0.3495 6.2590
v 1.0899 0.3473 6.2590
v 0.9733 0.3461 6.2590
v 0.8674 0.3462 6.2590
v 0.7743 0.3476 6.2590
v 0.6956 0.3504 6.2590
v 0.6328 0.3545 6.2590
v 0.5871 0.3598 6.2590
v 0.5593 0.3660 6.2590
v 0.5500 0.4052 6.6885
v 0.5593 0.4492 6.6885
v 0.5871 0.4899 6.6885
v 0.6328 0.5263 6.6885
v 0.6956 0.5574 6.6885
v 0.7743 0.5821 6.6885
v 0.8674 0.5999 6.6885
v 0.9733 0.6103 6.6885
v 1.0899 0.6134 6.6885
v 1.2151 0.6098 6.6885
v 1.3465 0.6004 6.6885
v 1.4818 0.5863 6.6885
v 1.6182 0.5688 6.6885
v 1.7535 0.5490 6.6885
v 1.8849 0.5280 6.6885
v 2.0101 0.5069 6.6885
v 2.1267 0.4862 6.6885
v 2.2326 0.4669 6.6885
v 2.3257 0.4494 6.6885
v 2.4044 0.4342 6.6885
v 2.4672 0.4219 6.6885
v 2.5129 0.4127 6.6885
v 2.5407 0.4071 6.6885
v 2.5500 0.4052 6.6885
v 2.5407 0.4052 6.6885
v 2.5129 0.4052 6.6885
v 2.4672 0.4051 6.6885
v 2.4044 0.4048 6.6885
v 2.3257 0.4042 6.6885
v 2.2326 0.4033 6.6885
v 2.1267 0.4019 6.6885
v 2.0101 0.4000 6.6885
v 1.8849 0.3976 6.6885
v 1.7535 0.3947 6.6885
v 1.6182 0.3915 6.6885
v 1.4818 0.3881 6.6885
v 1.3465 0.3848 6.6885
v 1.2151 0.3820 6.6885
v 1.0899 0.3798 6.6885
v 0.9733 0.3786 6.6885
v 0.8674 0.3786 6.6885
v 0.7743 0.3800 6.6885
v 0.6956 0.3828 6.6885
v 0.6328 0.3869 6.6885
v 0.5871 0.3922 6.6885
v 0.5593 0.3984 6.6885
v 0.5500 0.4376 7.1180
v 0.5593 0.4817 7.1180
v 0.5871 0.5223 7.1180
v 0.6328 0.5587 7.1180
v 0.6956 0.5898 7.1180
v 0.7743 0.6146 7.1180
v 0.8674 0.6323 7.1180
v 0.9733 0.6427 7.1180
v 1.0899 0.6458 7.1180
v 1.2151 0.6422 7.1180
v 1.3465 0.6328 7.1180
v 1.4818 0.6187 7.1180
v 1.6182 0.6012 7.1180
v 1.7535 0.5814 7.1180
v 1.8849 0.5605 7.1180
v 2.0101 0.5393 7.1180
v 2.1267 0.5187 7.1180
v 2.2326 0.4993 7.1180
v 2.3257 0.4818 7.1180
v 2.4044 0.4666 7.1180
v 2.4672 0.4543 7.1180
v 2.5129 0.4452 7.1180
v 2.5407 0.4395 7.1180
v 2.5500 0.4376 7.1180
v 2.5407 0.4376 7.1180
v 2.5129 0.4376 7.1180
v 2.4672 0.4375 7.1180
v 2.4044 0.4372 7.1180
v 2.3257 0.4367 7.1180
v 2.2326 0.4357 7.1180
v 2.1267 0.4343 7.1180
v 2.0101 0.4324 7.1180
v 1.8849 0.4300 7.1180
v 1.7535 0.4271 7.1180
v 1.6182 0.4239 7.1180
v 1.4818 0.4205 7.1180
v 1.3465 0.4173 7.1180
v 1.2151 0.4144 7.1180
v 1.0899 0.4122 7.1180
v 0.9733 0.4110 7.1180
v 0.8674 0.4110 7.1180
v 0.7743 0.4124 7.1180
v 0.6956 0.4152 7.1180
v 0.6328 0.4193 7.1180
v 0.5871 0.4246 7.1180
v 0.5593 0.4308 7.1180
v 1.0987 2.3484 5.4150
v 1.0088 2.3484 5.4150
v 1.0088 2.3484 5.3850
v 1.0987 2.3484 5.3850
v 1.0987 0.3080 5.4150
v 1.0088 0.3080 5.4150
v 1.0088 0.3080 5.3850
v 1.0987 0.3080 5.3850
v 0.8407 -0.0045 1.3215
v 0.8603 -0.0005 1.3215
v 0.8593 0.0045 1.3185
v 0.8397 0.0005 1.3185
v 0.3582 2.3439 5.4015
v 0.3778 2.3479 5.4015
v 0.3768 2.3530 5.3985
v 0.3572 2.3489 5.3985
v 1.7404 -0.0038 1.3215
v 1.7602 -0.0014 1.3215
v 1.7596 0.0038 1.3185
v 1.7398 0.0014 1.3185
v 1.4604 2.3447 5.4015
v 1.4802 2.3470 5.4015
v 1.4796 2.3522 5.3985
v 1.4598 2.3498 5.3985
v 0.3645 2.1093 0.6638
v 0.3645 2.0905 0.6567
v 0.3705 2.0907 0.6562
v 0.3705 2.1095 0.6633
v 0.8470 0.3172 5.4038
v 0.8470 0.2985 5.3967
v 0.8530 0.2987 5.3962
v 0.8530 0.3174 5.4033
f 1 2 48 47
f 2 3 49 48
f 3 4 50 49
f 4 5 51 50
f 5 6 52 51
f 6 7 53 52
f 7 8 54 53
f 8 9 55 54
f 9 10 56 55
f 10 11 57 56
f 11 12 58 57
f 12 13 59 58
f 13 14 60 59
f 14 15 61 60
f 15 16 62 61
f 16 17 63 62
f 17 18 64 63
f 18 19 65 64
f 19 20 66 65
f 20 21 67 66
f 21 22 68 67
f 22 23 69 68
f 23 24 70 69
f 24 25 71 70
f 25 26 72 71
f 26 27 73 72
f 27 28 74 73
f 28 29 75 74
f 29 30 76 75
f 30 31 77 76
f 31 32 78 77
f 32 33 79 78
f 33 34 80 79
f 34 35 81 80
f 35 36 82 81
f 36 37 83 82
f 37 38 84 83
f 38 39 85 84
f 39 40 86 85
f 40 41 87 86
f 41 42 88 87
f 42 43 89 88
f 43 44 90 89
f 44 45 91 90
f 45 46 92 91
f 46 1 47 92
f 47 48 94 93
f 48 49 95 94
f 49 50 96 95
f 50 51 97 96
f 51 52 98 97
f 52 53 99 98
f 53 54 100 99
f 54 55 101 100
f 55 56 102 101
f 56 57 103 102
f 57 58 104 103
f 58 59 105 104
f 59 60 106 105
f 60 61 107 106
f 61 62 108 107
f 62 63 109 108
f 63 64 110 109
f 64 65 111 110
f 65 66 112 111
f 66 67 113 112
f 67 68 114 113
f 68 69 115 114
f 69 70 116 115
f 70 71 117 116
f 71 72 118 117
f 72 73 119 118
f 73 74 120 119
f 74 75 121 120
f 75 76 122 121
f 76 77 123 122
f 77 78 124 123
f 78 79 125 124
f 79 80 126 125
f 80 81 127 126
f 81 82 128 127
f 82 83 129 128
f 83 84 130 129
f 84 85 131 130
f 85 86 132 131
f 86 87 133 132
f 87 88 134 133
f 88 89 135 134
f 89 90 136 135
f 90 91 137 136
f 91 92 138 137
f 92 47 93 138
f 93 94 140 139
f 94 95 141 140
f 95 96 142 141
f 96 97 143 142
f 97 98 144 143
f 98 99 145 144
f 99 100 146 145
f 100 101 147 146
f 101 102 148 147
f 102 103 149 148
f 103 104 150 149
f 104 105 151 150
f 105 106 152 151
f 106 107 153 152
f 107 108 154 153
f 108 109 155 154
f 109 110 156 155
f 110 111 157 156
f 111 112 158 157
f 112 113 159 158
f 113 114 160 159
f 114 115 161 160
f 115 116 162 161
f 116 117 163 162
f 117 118 164 163
f 118 119 165 164
f 119 120 166 165
f 120 121 167 166
f 121 122 168 167
f 122 123 169 168
f 123 124 170 169
f 124 125 171 170
f 125 126 172 171
f 126 127 173 172
f 127 128 174 173
f 128 129 175 174
f 129 130 176 175
f 130 131 177 176
f 131 132 178 177
f 132 133 179 178
f 133 134 180 179
f 134 135 181 180
f 135 136 182 181
f 136 137 183 182
f 137 138 184 183
f 138 93 139 184
f 139 140 186 185
f 140 141 187 186
f 141 142 188 187
f 142 143 189 188
f 143 144 190 189
f 144 145 191 190
f 145 146 192 191
f 146 147 193 192
f 147 148 194 193
f 148 149 195 194
f 149 150 196 195
f 150 151 197 196
f 151 152 198 197
f 152 153 199 198
f 153 154 200 199
f 154 155 201 200
f 155 156 202 201
f 156 157 203 202
f 157 158 204 203
f 158 159 205 204
f 159 160 206 205
f 160 161 207 206
f 161 162 208 207
f 162 163 209 208
f 163 164 210 209
f 164 165 211 210
f 165 166 212 211
f 166 167 213 212
f 167 168 214 213
f 168 169 215 214
f 169 170 216 215
f 170 171 217 216
f 171 172 218 217
f 172 173 219 218
f 173 174 220 219
f 174 175 221 220
f 175 176 222 221
f 176 177 223 222
f 177 178 224 223
f 178 179 225 224
f 179 180 226 225
f 180 181 227 226
f 181 182 228 227
f 182 183 229 228
f 183 184 230 229
f 184 139 185 230
f 185 186 232 231
f 186 187 233 232
f 187 188 234 233
f 188 189 235 234
f 189 190 236 235
f 190 191 237 236
f 191 192 238 237
f 192 193 239 238
f 193 194 240 239
f 194 195 241 240
f 195 196 242 241
f 196 197 243 242
f 197 198 244 243
f 198 199 245 244
f 199 200 246 245
f 200 201 247 246
f 201 202 248 247
f 202 203 249 248
f 203 204 250 249
f 204 205 251 250
f 205 206 252 251
f 206 207 253 252
f 207 208 254 253
f 208 209 255 254
f 209 210 256 255
f 210 211 257 256
f 211 212 258 257
f 212 213 259 258
f 213 214 260 259
f 214 215 261 260
f 215 216 262 261
f 216 217 263 262
f 217 218 264 263
f 218 219 265 264
f 219 220 266 265
f 220 221 267 266
f 221 222 268 267
f 222 223 269 268
f 223 224 270 269
f 224 225 271 270
f 225 226 272 271
f 226 227 273 272
f 227 228 274 273
f 228 229 275 274
f 229 230 276 275
f 230 185 231 276
f 231 232 278 277
f 232 233 279 278
f 233 234 280 279
f 234 235 281 280
f 235 236 282 281
f 236 237 283 282
f 237 238 284 283
f 238 239 285 284
f 239 240 286 285
f 240 241 287 286
f 241 242 288 287
f 242 243 289 288
f 243 244 290 289
f 244 245 291 290
f 245 246 292 291
f 246 247 293 292
f 247 248 294 293
f 248 249 295 294
f 249 250 296 295
f 250 251 297 296
f 251 252 298 297
f 252 253 299 298
f 253 254 300 299
f 254 255 301 300
f 255 256 302 301
f 256 257 303 302
f 257 258 304 303
f 258 259 305 304
f 259 260 306 305
f 260 261 307 306
f 261 262 308 307
f 262 263 309 308
f 263 264 310 309
f 264 265 311 310
f 265 266 312 311
f 266 267 313 312
f 267 268 314 313
f 268 269 315 314
f 269 270 316 315
f 270 271 317 316
f 271 272 318 317
f 272 273 319 318
f 273 274 320 319
f 274 275 321 320
f 275 276 322 321
f 276 231 277 322
f 277 278 324 323
f 278 279 325 324
f 279 280 326 325
f 280 281 327 326
f 281 282 328 327
f 282 283 329 328
f 283 284 330 329
f 284 285 331 330
f 285 286 332 331
f 286 287 333 332
f 287 288 334 333
f 288 289 335 334
f 289 290 336 335
f 290 291 337 336
f 291 292 338 337
f 292 293 339 338
f 293 294 340 339
f 294 295 341 340
f 295 296 342 341
f 296 297 343 342
f 297 298 344 343
f 298 299 345 344
f 299 300 346 345
f 300 301 347 346
f 301 302 348 347
f 302 303 349 348
f 303 304 350 349
f 304 305 351 350
f 305 306 352 351
f 306 307 353 352
f 307 308 354 353
f 308 309 355 354
f 309 310 356 355
f 310 311 357 356
f 311 312 358 357
f 312 313 359 358
f 313 314 360 359
f 314 315 361 360
f 315 316 362 361
f 316 317 363 362
f 317 318 364 363
f 318 319 365 364
f 319 320 366 365
f 320 321 367 366
f 321 322 368 367
f 322 277 323 368
f 323 324 370 369
f 324 325 371 370
f 325 326 372 371
f 326 327 373 372
f 327 328 374 373
f 328 329 375 374
f 329 330 376 375
f 330 331 377 376
f 331 332 378 377
f 332 333 379 378
f 333 334 380 379
f 334 335 381 380
f 335 336 382 381
f 336 337 383 382
f 337 338 384 383
f 338 339 385 384
f 339 340 386 385
f 340 341 387 386
f 341 342 388 387
f 342 343 389 388
f 343 344 390 389
f 344 345 391 390
f 345 346 392 391
f 346 347 393 392
f 347 348 394 393
f 348 349 395 394
f 349 350 396 395
f 350 351 397 396
f 351 352 398 397
f 352 353 399 398
f 353 354 400 399
f 354 355 401 400
f 355 356 402 401
f 356 357 403 402
f 357 358 404 403
f 358 359 405 404
f 359 360 406 405
f 360 361 407 406
f 361 362 408 407
f 362 363 409 408
f 363 364 410 409
f 364 365 411 410
f 365 366 412 411
f 366 367 413 412
f 367 368 414 413
f 368 323 369 414
f 369 370 416 415
f 370 371 417 416
f 371 372 418 417
f 372 373 419 418
f 373 374 420 419
f 374 375 421 420
f 375 376 422 421
f 376 377 423 422
f 377 378 424 423
f 378 379 425 424
f 379 380 426 425
f 380 381 427 426
f 381 382 428 427
f 382 383 429 428
f 383 384 430 429
f 384 385 431 430
f 385 386 432 431
f 386 387 433 432
f 387 388 434 433
f 388 389 435 434
f 389 390 436 435
f 390 391 437 436
f 391 392 438 437
f 392 393 439 438
f 393 394 440 439
f 394 395 441 440
f 395 396 442 441
f 396 397 443 442
f 397 398 444 443
f 398 399 445 444
f 399 400 446 445
f 400 401 447 446
f 401 402 448 447
f 402 403 449 448
f 403 404 450 449
f 404 405 451 450
f 405 406 452 451
f 406 407 453 452
f 407 408 454 453
f 408 409 455 454
f 409 410 456 455
f 410 411 457 456
f 411 412 458 457
f 412 413 459 458
f 413 414 460 459
f 414 369 415 460
f 415 416 462 461
f 416 417 463 462
f 417 418 464 463
f 418 419 465 464
f 419 420 466 465
f 420 421 467 466
f 421 422 468 467
f 422 423 469 468
f 423 424 470 469
f 424 425 471 470
f 425 426 472 471
f 426 427 473 472
f 427 428 474 473
f 428 429 475 474
f 429 430 476 475
f 430 431 477 476
f 431 432 478 477
f 432 433 479 478
f 433 434 480 479
f 434 435 481 480
f 435 436 482 481
f 436 437 483 482
f 437 438 484 483
f 438 439 485 484
f 439 440 486 485
f 440 441 487 486
f 441 442 488 487
f 442 443 489 488
f 443 444 490 489
f 444 445 491 490
f 445 446 492 491
f 446 447 493 492
f 447 448 494 493
f 448 449 495 494
f 449 450 496 495
f 450 451 497 496
f 451 452 498 497
f 452 453 499 498
f 453 454 500 499
f 454 455 501 500
f 455 456 502 501
f 456 457 503 502
f 457 458 504 503
f 458 459 505 504
f 459 460 506 505
f 460 415 461 506
f 461 462 508 507
f 462 463 509 508
f 463 464 510 509
f 464 465 511 510
f 465 466 512 511
f 466 467 513 512
f 467 468 514 513
f 468 469 515 514
f 469 470 516 515
f 470 471 517 516
f 471 472 518 517
f 472 473 519 518
f 473 474 520 519
f 474 475 521 520
f 475 476 522 521
f 476 477 523 522
f 477 478 524 523
f 478 479 525 524
f 479 480 526 525
f 480 481 527 526
f 481 482 528 527
f 482 483 529 528
f 483 484 530 529
f 484 485 531 530
f 485 486 532 531
f 486 487 533 532
f 487 488 534 533
f 488 489 535 534
f 489 490 536 535
f 490 491 537 536
f 491 492 538 537
f 492 493 539 538
f 493 494 540 539
f 494 495 541 540
f 495 496 542 541
f 496 497 543 542
f 497 498 544 543
f 498 499 545 544
f 499 500 546 545
f 500 501 547 546
f 501 502 548 547
f 502 503 549 548
f 503 504 550 549
f 504 505 551 550
f 505 506 552 551
f 506 461 507 552
f 507 508 554 553
f 508 509 555 554
f 509 510 556 555
f 510 511 557 556
f 511 512 558 557
f 512 513 559 558
f 513 514 560 559
f 514 515 561 560
f 515 516 562 561
f 516 517 563 562
f 517 518 564 563
f 518 519 565 564
f 519 520 566 565
f 520 521 567 566
f 521 522 568 567
f 522 523 569 568
f 523 524 570 569
f 524 525 571 570
f 525 526 572 571
f 526 527 573 572
f 527 528 574 573
f 528 529 575 574
f 529 530 576 575
f 530 531 577 576
f 531 532 578 577
f 532 533 579 578
f 533 534 580 579
f 534 535 581 580
f 535 536 582 581
f 536 537 583 582
f 537 538 584 583
f 538 539 585 584
f 539 540 586 585
f 540 541 587 586
f 541 542 588 587
f 542 543 589 588
f 543 544 590 589
f 544 545 591 590
f 545 546 592 591
f 546 547 593 592
f 547 548 594 593
f 548 549 595 594
f 549 550 596 595
f 550 551 597 596
f 551 552 598 597
f 552 507 553 598
f 553 554 600 599
f 554 555 601 600
f 555 556 602 601
f 556 557 603 602
f 557 558 604 603
f 558 559 605 604
f 559 560 606 605
f 560 561 607 606
f 561 562 608 607
f 562 563 609 608
f 563 564 610 609
f 564 565 611 610
f 565 566 612 611
f 566 567 613 612
f 567 568 614 613
f 568 569 615 614
f 569 570 616 615
f 570 571 617 616
f 571 572 618 617
f 572 573 619 618
f 573 574 620 619
f 574 575 621 620
f 575 576 622 621
f 576 577 623 622
f 577 578 624 623
f 578 579 625 624
f 579 580 626 625
f 580 581 627 626
f 581 582 628 627
f 582 583 629 628
f 583 584 630 629
f 584 585 631 630
f 585 586 632 631
f 586 587 633 632
f 587 588 634 633
f 588 589 635 634
f 589 590 636 635
f 590 591 637 636
f 591 592 638 637
f 592 593 639 638
f 593 594 640 639
f 594 595 641 640
f 595 596 642 641
f 596 597 643 642
f 597 598 644 643
f 598 553 599 644
f 599 600 646 645
f 600 601 647 646
f 601 602 648 647
f 602 603 649 648
f 603 604 650 649
f 604 605 651 650
f 605 606 652 651
f 606 607 653 652
f 607 608 654 653
f 608 609 655 654
f 609 610 656 655
f 610 611 657 656
f 611 612 658 657
f 612 613 659 658
f 613 614 660 659
f 614 615 661 660
f 615 616 662 661
f 616 617 663 662
f 617 618 664 663
f 618 619 665 664
f 619 620 666 665
f 620 621 667 666
f 621 622 668 667
f 622 623 669 668
f 623 624 670 669
f 624 625 671 670
f 625 626 672 671
f 626 627 673 672
f 627 628 674 673
f 628 629 675 674
f 629 630 676 675
f 630 631 677 676
f 631 632 678 677
f 632 633 679 678
f 633 634 680 679
f 634 635 681 680
f 635 636 682 681
f 636 637 683 682
f 637 638 684 683
f 638 639 685 684
f 639 640 686 685
f 640 641 687 686
f 641 642 688 687
f 642 643 689 688
f 643 644 690 689
f 644 599 645 690
f 645 646 692 691
f 646 647 693 692
f 647 648 694 693
f 648 649 695 694
f 649 650 696 695
f 650 651 697 696
f 651 652 698 697
f 652 653 699 698
f 653 654 700 699
f 654 655 701 700
f 655 656 702 701
f 656 657 703 702
f 657 658 704 703
f 658 659 705 704
f 659 660 706 705
f 660 661 707 706
f 661 662 708 707
f 662 663 709 708
f 663 664 710 709
f 664 665 711 710
f 665 666 712 711
f 666 667 713 712
f 667 668 714 713
f 668 669 715 714
f 669 670 716 715
f 670 671 717 716
f 671 672 718 717
f 672 673 719 718
f 673 674 720 719
f 674 675 721 720
f 675 676 722 721
f 676 677 723 722
f 677 678 724 723
f 678 679 725 724
f 679 680 726 725
f 680 681 727 726
f 681 682 728 727
f 682 683 729 728
f 683 684 730 729
f 684 685 731 730
f 685 686 732 731
f 686 687 733 732
f 687 688 734 733
f 688 689 735 734
f 689 690 736 735
f 690 645 691 736
f 691 692 738 737
f 692 693 739 738
f 693 694 740 739
f 694 695 741 740
f 695 696 742 741
f 696 697 743 742
f 697 698 744 743
f 698 699 745 744
f 699 700 746 745
f 700 701 747 746
f 701 702 748 747
f 702 703 749 748
f 703 704 750 749
f 704 705 751 750
f 705 706 752 751
f 706 707 753 752
f 707 708 754 753
f 708 709 755 754
f 709 710 756 755
f 710 711 757 756
f 711 712 758 757
f 712 713 759 758
f 713 714 760 759
f 714 715 761 760
f 715 716 762 761
f 716 717 763 762
f 717 718 764 763
f 718 719 765 764
f 719 720 766 765
f 720 721 767 766
f 721 722 768 767
f 722 723 769 768
f 723 724 770 769
f 724 725 771 770
f 725 726 772 771
f 726 727 773 772
f 727 728 774 773
f 728 729 775 774
f 729 730 776 775
f 730 731 777 776
f 731 732 778 777
f 732 733 779 778
f 733 734 780 779
f 734 735 781 780
f 735 736 782 781
f 736 691 737 782
f 737 738 784 783
f 738 739 785 784
f 739 740 786 785
f 740 741 787 786
f 741 742 788 787
f 742 743 789 788
f 743 744 790 789
f 744 745 791 790
f 745 746 792 791
f 746 747 793 792
f 747 748 794 793
f 748 749 795 794
f 749 750 796 795
f 750 751 797 796
f 751 752 798 797
f 752 753 799 798
f 753 754 800 799
f 754 755 801 800
f 755 756 802 801
f 756 757 803 802
f 757 758 804 803
f 758 759 805 804
f 759 760 806 805
f 760 761 807 806
f 761 762 808 807
f 762 763 809 808
f 763 764 810 809
f 764 765 811 810
f 765 766 812 811
f 766 767 813 812
f 767 768 814 813
f 768 769 815 814
f 769 770 816 815
f 770 771 817 816
f 771 772 818 817
f 772 773 819 818
f 773 774 820 819
f 774 775 821 820
f 775 776 822 821
f 776 777 823 822
f 777 778 824 823
f 778 779 825 824
f 779 780 826 825
f 780 781 827 826
f 781 782 828 827
f 782 737 783 828
f 783 784 830 829
f 784 785 831 830
f 785 786 832 831
f 786 787 833 832
f 787 788 834 833
f 788 789 835 834
f 789 790 836 835
f 790 791 837 836
f 791 792 838 837
f 792 793 839 838
f 793 794 840 839
f 794 795 841 840
f 795 796 842 841
f 796 797 843 842
f 797 798 844 843
f 798 799 845 844
f 799 800 846 845
f 800 801 847 846
f 801 802 848 847
f 802 803 849 848
f 803 804 850 849
f 804 805 851 850
f 805 806 852 851
f 806 807 853 852
f 807 808 854 853
f 808 809 855 854
f 809 810 856 855
f 810 811 857 856
f 811 812 858 857
f 812 813 859 858
f 813 814 860 859
f 814 815 861 860
f 815 816 862 861
f 816 817 863 862
f 817 818 864 863
f 818 819 865 864
f 819 820 866 865
f 820 821 867 866
f 821 822 868 867
f 822 823 869 868
f 823 824 870 869
f 824 825 871 870
f 825 826 872 871
f 826 827 873 872
f 827 828 874 873
f 828 783 829 874
f 829 830 876 875
f 830 831 877 876
f 831 832 878 877
f 832 833 879 878
f 833 834 880 879
f 834 835 881 880
f 835 836 882 881
f 836 837 883 882
f 837 838 884 883
f 838 839 885 884
f 839 840 886 885
f 840 841 887 886
f 841 842 888 887
f 842 843 889 888
f 843 844 890 889
f 844 845 891 890
f 845 846 892 891
f 846 847 893 892
f 847 848 894 893
f 848 849 895 894
f 849 850 896 895
f 850 851 897 896
f 851 852 898 897
f 852 853 899 898
f 853 854 900 899
f 854 855 901 900
f 855 856 902 901
f 856 857 903 902
f 857 858 904 903
f 858 859 905 904
f 859 860 906 905
f 860 861 907 906
f 861 862 908 907
f 862 863 909 908
f 863 864 910 909
f 864 865 911 910
f 865 866 912 911
f 866 867 913 912
f 867 868 914 913
f 868 869 915 914
f 869 870 916 915
f 870 871 917 916
f 871 872 918 917
f 872 873 919 918
f 873 874 920 919
f 874 829 875 920
f 875 876 922 921
f 876 877 923 922
f 877 878 924 923
f 878 879 925 924
f 879 880 926 925
f 880 881 927 926
f 881 882 928 927
f 882 883 929 928
f 883 884 930 929
f 884 885 931 930
f 885 886 932 931
f 886 887 933 932
f 887 888 934 933
f 888 889 935 934
f 889 890 936 935
f 890 891 937 936
f 891 892 938 937
f 892 893 939 938
f 893 894 940 939
f 894 895 941 940
f 895 896 942 941
f 896 897 943 942
f 897 898 944 943
f 898 899 945 944
f 899 900 946 945
f 900 901 947 946
f 901 902 948 947
f 902 903 949 948
f 903 904 950 949
f 904 905 951 950
f 905 906 952 951
f 906 907 953 952
f 907 908 954 953
f 908 909 955 954
f 909 910 956 955
f 910 911 957 956
f 911 912 958 957
f 912 913 959 958
f 913 914 960 959
f 914 915 961 960
f 915 916 962 961
f 916 917 963 962
f 917 918 964 963
f 918 919 965 964
f 919 920 966 965
f 920 875 921 966
f 921 922 968 967
f 922 923 969 968
f 923 924 970 969
f 924 925 971 970
f 925 926 972 971
f 926 927 973 972
f 927 928 974 973
f 928 929 975 974
f 929 930 976 975
f 930 931 977 976
f 931 932 978 977
f 932 933 979 978
f 933 934 980 979
f 934 935 981 980
f 935 936 982 981
f 936 937 983 982
f 937 938 984 983
f 938 939 985 984
f 939 940 986 985
f 940 941 987 986
f 941 942 988 987
f 942 943 989 988
f 943 944 990 989
f 944 945 991 990
f 945 946 992 991
f 946 947 993 992
f 947 948 994 993
f 948 949 995 994
f 949 950 996 995
f 950 951 997 996
f 951 952 998 997
f 952 953 999 998
f 953 954 1000 999
f 954 955 1001 1000
f 955 956 1002 1001
f 956 957 1003 1002
f 957 958 1004 1003
f 958 959 1005 1004
f 959 960 1006 1005
f 960 961 1007 1006
f 961 962 1008 1007
f 962 963 1009 1008
f 963 964 1010 1009
f 964 965 1011 1010
f 965 966 1012 1011
f 966 921 967 1012
f 46 45 44 43 42 41 40 39 38 37 36 35 34 33 32 31 30 29 28 27 26 25 24 23 22 21 20 19 18 17 16 15 14 13 12 11 10 9 8 7 6 5 4 3 2 1
f 967 968 969 970 971 972 973 974 975 976 977 978 979 980 981 982 983 984 985 986 987 988 989 990 991 992 993 994 995 996 997 998 999 1000 1001 1002 1003 1004 1005 1006 1007 1008 1009 1010 1011 1012
f 1013 1014 1060 1059
f 1014 1015 1061 1060
f 1015 1016 1062 1061
f 1016 1017 1063 1062
f 1017 1018 1064 1063
f 1018 1019 1065 1064
f 1019 1020 1066 1065
f 1020 1021 1067 1066
f 1021 1022 1068 1067
f 1022 1023 1069 1068
f 1023 1024 1070 1069
f 1024 1025 1071 1070
f 1025 1026 1072 1071
f 1026 1027 1073 1072
f 1027 1028 1074 1073
f 1028 1029 1075 1074
f 1029 1030 1076 1075
f 1030 1031 1077 1076
f 1031 1032 1078 1077
f 1032 1033 1079 1078
f 1033 1034 1080 1079
f 1034 1035 1081 1080
f 1035 1036 1082 1081
f 1036 1037 1083 1082
f 1037 1038 1084 1083
f 1038 1039 1085 1084
f 1039 1040 1086 1085
f 1040 1041 1087 1086
f 1041 1042 1088 1087
f 1042 1043 1089 1088
f 1043 1044 1090 1089
f 1044 1045 1091 1090
f 1045 1046 1092 1091
f 1046 1047 1093 1092
f 1047 1048 1094 1093
f 1048 1049 1095 1094
f 1049 1050 1096 1095
f 1050 1051 1097 1096
f 1051 1052 1098 1097
f 1052 1053 1099 1098
f 1053 1054 1100 1099
f 1054 1055 1101 1100
f 1055 1056 1102 1101
f 1056 1057 1103 1102
f 1057 1058 1104 1103
f 1058 1013 1059 1104
f 1059 1060 1106 1105
f 1060 1061 1107 1106
f 1061 1062 1108 1107
f 1062 1063 1109 1108
f 1063 1064 1110 1109
f 1064 1065 1111 1110
f 1065 1066 1112 1111
f 1066 1067 1113 1112
f 1067 1068 1114 1113
f 1068 1069 1115 1114
f 1069 1070 1116 1115
f 1070 1071 1117 1116
f 1071 1072 1118 1117
f 1072 1073 1119 1118
f 1073 1074 1120 1119
f 1074 1075 1121 1120
f 1075 1076 1122 1121
f 1076 1077 1123 1122
f 1077 1078 1124 1123
f 1078 1079 1125 1124
f 1079 1080 1126 1125
f 1080 1081 1127 1126
f 1081 1082 1128 1127
f 1082 1083 1129 1128
f 1083 1084 1130 1129
f 1084 1085 1131 1130
f 1085 1086 1132 1131
f 1086 1087 1133 1132
f 1087 1088 1134 1133
f 1088 1089 1135 1134
f 1089 1090 1136 1135
f 1090 1091 1137 1136
f 1091 1092 1138 1137
f 1092 1093 1139 1138
f 1093 1094 1140 1139
f 1094 1095 1141 1140
f 1095 1096 1142 1141
f 1096 1097 1143 1142
f 1097 1098 1144 1143
f 1098 1099 1145 1144
f 1099 1100 1146 1145
f 1100 1101 1147 1146
f 1101 1102 1148 1147
f 1102 1103 1149 1148
f 1103 1104 1150 1149
f 1104 1059 1105 1150
f 1105 1106 1152 1151
f 1106 1107 1153 1152
f 1107 1108 1154 1153
f 1108 1109 1155 1154
f 1109 1110 1156 1155
f 1110 1111 1157 1156
f 1111 1112 1158 1157
f 1112 1113 1159 1158
f 1113 1114 1160 1159
f 1114 1115 1161 1160
f 1115 1116 1162 1161
f 1116 1117 1163 1162
f 1117 1118 1164 1163
f 1118 1119 1165 1164
f 1119 1120 1166 1165
f 1120 1121 1167 1166
f 1121 1122 1168 1167
f 1122 1123 1169 1168
f 1123 1124 1170 1169
f 1124 1125 1171 1170
f 1125 1126 1172 1171
f 1126 1127 1173 1172
f 1127 1128 1174 1173
f 1128 1129 1175 1174
f 1129 1130 1176 1175
f 1130 1131 1177 1176
f 1131 1132 1178 1177
f 1132 1133 1179 1178
f 1133 1134 1180 1179
f 1134 1135 1181 1180
f 1135 1136 1182 1181
f 1136 1137 1183 1182
f 1137 1138 1184 1183
f 1138 1139 1185 1184
f 1139 1140 1186 1185
f 1140 1141 1187 1186
f 1141 1142 1188 1187
f 1142 1143 1189 1188
f 1143 1144 1190 1189
f 1144 1145 1191 1190
f 1145 1146 1192 1191
f 1146 1147 1193 1192
f 1147 1148 1194 1193
f 1148 1149 1195 1194
f 1149 1150 1196 1195
f 1150 1105 1151 1196
f 1151 1152 1198 1197
f 1152 1153 1199 1198
f 1153 1154 1200 1199
f 1154 1155 1201 1200
f 1155 1156 1202 1201
f 1156 1157 1203 1202
f 1157 1158 1204 1203
f 1158 1159 1205 1204
f 1159 1160 1206 1205
f 1160 1161 1207 1206
f 1161 1162 1208 1207
f 1162 1163 1209 1208
f 1163 1164 1210 1209
f 1164 1165 1211 1210
f 1165 1166 1212 1211
f 1166 1167 1213 1212
f 1167 1168 1214 1213
f 1168 1169 1215 1214
f 1169 1170 1216 1215
f 1170 1171 1217 1216
f 1171 1172 1218 1217
f 1172 1173 1219 1218
f 1173 1174 1220 1219
f 1174 1175 1221 1220
f 1175 1176 1222 1221
f 1176 1177 1223 1222
f 1177 1178 1224 1223
f 1178 1179 1225 1224
f 1179 1180 1226 1225
f 1180 1181 1227 1226
f 1181 1182 1228 1227
f 1182 1183 1229 1228
f 1183 1184 1230 1229
f 1184 1185 1231 1230
f 1185 1186 1232 1231
f 1186 1187 1233 1232
f 1187 1188 1234 1233
f 1188 1189 1235 1234
f 1189 1190 1236 1235
f 1190 1191 1237 1236
f 1191 1192 1238 1237
f 1192 1193 1239 1238
f 1193 1194 1240 1239
f 1194 1195 1241 1240
f 1195 1196 1242 1241
f 1196 1151 1197 1242
f 1197 1198 1244 1243
f 1198 1199 1245 1244
f 1199 1200 1246 1245
f 1200 1201 1247 1246
f 1201 1202 1248 1247
f 1202 1203 1249 1248
f 1203 1204 1250 1249
f 1204 1205 1251 1250
f 1205 1206 1252 1251
f 1206 1207 1253 1252
f 1207 1208 1254 1253
f 1208 1209 1255 1254
f 1209 1210 1256 1255
f 1210 1211 1257 1256
f 1211 1212 1258 1257
f 1212 1213 1259 1258
f 1213 1214 1260 1259
f 1214 1215 1261 1260
f 1215 1216 1262 1261
f 1216 1217 1263 1262
f 1217 1218 1264 1263
f 1218 1219 1265 1264
f 1219 1220 1266 1265
f 1220 1221 1267 1266
f 1221 1222 1268 1267
f 1222 1223 1269 1268
f 1223 1224 1270 1269
f 1224 1225 1271 1270
f 1225 1226 1272 1271
f 1226 1227 1273 1272
f 1227 1228 1274 1273
f 1228 1229 1275 1274
f 1229 1230 1276 1275
f 1230 1231 1277 1276
f 1231 1232 1278 1277
f 1232 1233 1279 1278
f 1233 1234 1280 1279
f 1234 1235 1281 1280
f 1235 1236 1282 1281
f 1236 1237 1283 1282
f 1237 1238 1284 1283
f 1238 1239 1285 1284
f 1239 1240 1286 1285
f 1240 1241 1287 1286
f 1241 1242 1288 1287
f 1242 1197 1243 1288
f 1243 1244 1290 1289
f 1244 1245 1291 1290
f 1245 1246 1292 1291
f 1246 1247 1293 1292
f 1247 1248 1294 1293
f 1248 1249 1295 1294
f 1249 1250 1296 1295
f 1250 1251 1297 1296
f 1251 1252 1298 1297
f 1252 1253 1299 1298
f 1253 1254 1300 1299
f 1254 1255 1301 1300
f 1255 1256 1302 1301
f 1256 1257 1303 1302
f 1257 1258 1304 1303
f 1258 1259 1305 1304
f 1259 1260 1306 1305
f 1260 1261 1307 1306
f 1261 1262 1308 1307
f 1262 1263 1309 1308
f 1263 1264 1310 1309
f 1264 1265 1311 1310
f 1265 1266 1312 1311
f 1266 1267 1313 1312
f 1267 1268 1314 1313
f 1268 1269 1315 1314
f 1269 1270 1316 1315
f 1270 1271 1317 1316
f 1271 1272 1318 1317
f 1272 1273 1319 1318
f 1273 1274 1320 1319
f 1274 1275 1321 1320
f 1275 1276 1322 1321
f 1276 1277 1323 1322
f 1277 1278 1324 1323
f 1278 1279 1325 1324
f 1279 1280 1326 1325
f 1280 1281 1327 1326
f 1281 1282 1328 1327
f 1282 1283 1329 1328
f 1283 1284 1330 1329
f 1284 1285 1331 1330
f 1285 1286 1332 1331
f 1286 1287 1333 1332
f 1287 1288 1334 1333
f 1288 1243 1289 1334
f 1289 1290 1336 1335
f 1290 1291 1337 1336
f 1291 1292 1338 1337
f 1292 1293 1339 1338
f 1293 1294 1340 1339
f 1294 1295 1341 1340
f 1295 1296 1342 1341
f 1296 1297 1343 1342
f 1297 1298 1344 1343
f 1298 1299 1345 1344
f 1299 1300 1346 1345
f 1300 1301 1347 1346
f 1301 1302 1348 1347
f 1302 1303 1349 1348
f 1303 1304 1350 1349
f 1304 1305 1351 1350
f 1305 1306 1352 1351
f 1306 1307 1353 1352
f 1307 1308 1354 1353
f 1308 1309 1355 1354
f 1309 1310 1356 1355
f 1310 1311 1357 1356
f 1311 1312 1358 1357
f 1312 1313 1359 1358
f 1313 1314 1360 1359
f 1314 1315 1361 1360
f 1315 1316 1362 1361
f 1316 1317 1363 1362
f 1317 1318 1364 1363
f 1318 1319 1365 1364
f 1319 1320 1366 1365
f 1320 1321 1367 1366
f 1321 1322 1368 1367
f 1322 1323 1369 1368
f 1323 1324 1370 1369
f 1324 1325 1371 1370
f 1325 1326 1372 1371
f 1326 1327 1373 1372
f 1327 1328 1374 1373
f 1328 1329 1375 1374
f 1329 1330 1376 1375
f 1330 1331 1377 1376
f 1331 1332 1378 1377
f 1332 1333 1379 1378
f 1333 1334 1380 1379
f 1334 1289 1335 1380
f 1335 1336 1382 1381
f 1336 1337 1383 1382
f 1337 1338 1384 1383
f 1338 1339 1385 1384
f 1339 1340 1386 1385
f 1340 1341 1387 1386
f 1341 1342 1388 1387
f 1342 1343 1389 1388
f 1343 1344 1390 1389
f 1344 1345 1391 1390
f 1345 1346 1392 1391
f 1346 1347 1393 1392
f 1347 1348 1394 1393
f 1348 1349 1395 1394
f 1349 1350 1396 1395
f 1350 1351 1397 1396
f 1351 1352 1398 1397
f 1352 1353 1399 1398
f 1353 1354 1400 1399
f 1354 1355 1401 1400
f 1355 1356 1402 1401
f 1356 1357 1403 1402
f 1357 1358 1404 1403
f 1358 1359 1405 1404
f 1359 1360 1406 1405
f 1360 1361 1407 1406
f 1361 1362 1408 1407
f 1362 1363 1409 1408
f 1363 1364 1410 1409
f 1364 1365 1411 1410
f 1365 1366 1412 1411
f 1366 1367 1413 1412
f 1367 1368 1414 1413
f 1368 1369 1415 1414
f 1369 1370 1416 1415
f 1370 1371 1417 1416
f 1371 1372 1418 1417
f 1372 1373 1419 1418
f 1373 1374 1420 1419
f 1374 1375 1421 1420
f 1375 1376 1422 1421
f 1376 1377 1423 1422
f 1377 1378 1424 1423
f 1378 1379 1425 1424
f 1379 1380 1426 1425
f 1380 1335 1381 1426
f 1381 1382 1428 1427
f 1382 1383 1429 1428
f 1383 1384 1430 1429
f 1384 1385 1431 1430
f 1385 1386 1432 1431
f 1386 1387 1433 1432
f 1387 1388 1434 1433
f 1388 1389 1435 1434
f 1389 1390 1436 1435
f 1390 1391 1437 1436
f 1391 1392 1438 1437
f 1392 1393 1439 1438
f 1393 1394 1440 1439
f 1394 1395 1441 1440
f 1395 1396 1442 1441
f 1396 1397 1443 1442
f 1397 1398 1444 1443
f 1398 1399 1445 1444
f 1399 1400 1446 1445
f 1400 1401 1447 1446
f 1401 1402 1448 1447
f 1402 1403 1449 1448
f 1403 1404 1450 1449
f 1404 1405 1451 1450
f 1405 1406 1452 1451
f 1406 1407 1453 1452
f 1407 1408 1454 1453
f 1408 1409 1455 1454
f 1409 1410 1456 1455
f 1410 1411 1457 1456
f 1411 1412 1458 1457
f 1412 1413 1459 1458
f 1413 1414 1460 1459
f 1414 1415 1461 1460
f 1415 1416 1462 1461
f 1416 1417 1463 1462
f 1417 1418 1464 1463
f 1418 1419 1465 1464
f 1419 1420 1466 1465
f 1420 1421 1467 1466
f 1421 1422 1468 1467
f 1422 1423 1469 1468
f 1423 1424 1470 1469
f 1424 1425 1471 1470
f 1425 1426 1472 1471
f 1426 1381 1427 1472
f 1427 1428 1474 1473
f 1428 1429 1475 1474
f 1429 1430 1476 1475
f 1430 1431 1477 1476
f 1431 1432 1478 1477
f 1432 1433 1479 1478
f 1433 1434 1480 1479
f 1434 1435 1481 1480
f 1435 1436 1482 1481
f 1436 1437 1483 1482
f 1437 1438 1484 1483
f 1438 1439 1485 1484
f 1439 1440 1486 1485
f 1440 1441 1487 1486
f 1441 1442 1488 1487
f 1442 1443 1489 1488
f 1443 1444 1490 1489
f 1444 1445 1491 1490
f 1445 1446 1492 1491
f 1446 1447 1493 1492
f 1447 1448 1494 1493
f 1448 1449 1495 1494
f 1449 1450 1496 1495
f 1450 1451 1497 1496
f 1451 1452 1498 1497
f 1452 1453 1499 1498
f 1453 1454 1500 1499
f 1454 1455 1501 1500
f 1455 1456 1502 1501
f 1456 1457 1503 1502
f 1457 1458 1504 1503
f 1458 1459 1505 1504
f 1459 1460 1506 1505
f 1460 1461 1507 1506
f 1461 1462 1508 1507
f 1462 1463 1509 1508
f 1463 1464 1510 1509
f 1464 1465 1511 1510
f 1465 1466 1512 1511
f 1466 1467 1513 1512
f 1467 1468 1514 1513
f 1468 1469 1515 1514
f 1469 1470 1516 1515
f 1470 1471 1517 1516
f 1471 1472 1518 1517
f 1472 1427 1473 1518
f 1473 1474 1520 1519
f 1474 1475 1521 1520
f 1475 1476 1522 1521
f 1476 1477 1523 1522
f 1477 1478 1524 1523
f 1478 1479 1525 1524
f 1479 1480 1526 1525
f 1480 1481 1527 1526
f 1481 1482 1528 1527
f 1482 1483 1529 1528
f 1483 1484 1530 1529
f 1484 1485 1531 1530
f 1485 1486 1532 1531
f 1486 1487 1533 1532
f 1487 1488 1534 1533
f 1488 1489 1535 1534
f 1489 1490 1536 1535
f 1490 1491 1537 1536
f 1491 1492 1538 1537
f 1492 1493 1539 1538
f 1493 1494 1540 1539
f 1494 1495 1541 1540
f 1495 1496 1542 1541
f 1496 1497 1543 1542
f 1497 1498 1544 1543
f 1498 1499 1545 1544
f 1499 1500 1546 1545
f 1500 1501 1547 1546
f 1501 1502 1548 1547
f 1502 1503 1549 1548
f 1503 1504 1550 1549
f 1504 1505 1551 1550
f 1505 1506 1552 1551
f 1506 1507 1553 1552
f 1507 1508 1554 1553
f 1508 1509 1555 1554
f 1509 1510 1556 1555
f 1510 1511 1557 1556
f 1511 1512 1558 1557
f 1512 1513 1559 1558
f 1513 1514 1560 1559
f 1514 1515 1561 1560
f 1515 1516 1562 1561
f 1516 1517 1563 1562
f 1517 1518 1564 1563
f 1518 1473 1519 1564
f 1519 1520 1566 1565
f 1520 1521 1567 1566
f 1521 1522 1568 1567
f 1522 1523 1569 1568
f 1523 1524 1570 1569
f 1524 1525 1571 1570
f 1525 1526 1572 1571
f 1526 1527 1573 1572
f 1527 1528 1574 1573
f 1528 1529 1575 1574
f 1529 1530 1576 1575
f 1530 1531 1577 1576
f 1531 1532 1578 1577
f 1532 1533 1579 1578
f 1533 1534 1580 1579
f 1534 1535 1581 1580
f 1535 1536 1582 1581
f 1536 1537 1583 1582
f 1537 1538 1584 1583
f 1538 1539 1585 1584
f 1539 1540 1586 1585
f 1540 1541 1587 1586
f 1541 1542 1588 1587
f 1542 1543 1589 1588
f 1543 1544 1590 1589
f 1544 1545 1591 1590
f 1545 1546 1592 1591
f 1546 1547 1593 1592
f 1547 1548 1594 1593
f 1548 1549 1595 1594
f 1549 1550 1596 1595
f 1550 1551 1597 1596
f 1551 1552 1598 1597
f 1552 1553 1599 1598
f 1553 1554 1600 1599
f 1554 1555 1601 1600
f 1555 1556 1602 1601
f 1556 1557 1603 1602
f 1557 1558 1604 1603
f 1558 1559 1605 1604
f 1559 1560 1606 1605
f 1560 1561 1607 1606
f 1561 1562 1608 1607
f 1562 1563 1609 1608
f 1563 1564 1610 1609
f 1564 1519 1565 1610
f 1565 1566 1612 1611
f 1566 1567 1613 1612
f 1567 1568 1614 1613
f 1568 1569 1615 1614
f 1569 1570 1616 1615
f 1570 1571 1617 1616
f 1571 1572 1618 1617
f 1572 1573 1619 1618
f 1573 1574 1620 1619
f 1574 1575 1621 1620
f 1575 1576 1622 1621
f 1576 1577 1623 1622
f 1577 1578 1624 1623
f 1578 1579 1625 1624
f 1579 1580 1626 1625
f 1580 1581 1627 1626
f 1581 1582 1628 1627
f 1582 1583 1629 1628
f 1583 1584 1630 1629
f 1584 1585 1631 1630
f 1585 1586 1632 1631
f 1586 1587 1633 1632
f 1587 1588 1634 1633
f 1588 1589 1635 1634
f 1589 1590 1636 1635
f 1590 1591 1637 1636
f 1591 1592 1638 1637
f 1592 1593 1639 1638
f 1593 1594 1640 1639
f 1594 1595 1641 1640
f 1595 1596 1642 1641
f 1596 1597 1643 1642
f 1597 1598 1644 1643
f 1598 1599 1645 1644
f 1599 1600 1646 1645
f 1600 1601 1647 1646
f 1601 1602 1648 1647
f 1602 1603 1649 1648
f 1603 1604 1650 1649
f 1604 1605 1651 1650
f 1605 1606 1652 1651
f 1606 1607 1653 1652
f 1607 1608 1654 1653
f 1608 1609 1655 1654
f 1609 1610 1656 1655
f 1610 1565 1611 1656
f 1611 1612 1658 1657
f 1612 1613 1659 1658
f 1613 1614 1660 1659
f 1614 1615 1661 1660
f 1615 1616 1662 1661
f 1616 1617 1663 1662
f 1617 1618 1664 1663
f 1618 1619 1665 1664
f 1619 1620 1666 1665
f 1620 1621 1667 1666
f 1621 1622 1668 1667
f 1622 1623 1669 1668
f 1623 1624 1670 1669
f 1624 1625 1671 1670
f 1625 1626 1672 1671
f 1626 1627 1673 1672
f 1627 1628 1674 1673
f 1628 1629 1675 1674
f 1629 1630 1676 1675
f 1630 1631 1677 1676
f 1631 1632 1678 1677
f 1632 1633 1679 1678
f 1633 1634 1680 1679
f 1634 1635 1681 1680
f 1635 1636 1682 1681
f 1636 1637 1683 1682
f 1637 1638 1684 1683
f 1638 1639 1685 1684
f 1639 1640 1686 1685
f 1640 1641 1687 1686
f 1641 1642 1688 1687
f 1642 1643 1689 1688
f 1643 1644 1690 1689
f 1644 1645 1691 1690
f 1645 1646 1692 1691
f 1646 1647 1693 1692
f 1647 1648 1694 1693
f 1648 1649 1695 1694
f 1649 1650 1696 1695
f 1650 1651 1697 1696
f 1651 1652 1698 1697
f 1652 1653 1699 1698
f 1653 1654 1700 1699
f 1654 1655 1701 1700
f 1655 1656 1702 1701
f 1656 1611 1657 1702
f 1058 1057 1056 1055 1054 1053 1052 1051 1050 1049 1048 1047 1046 1045 1044 1043 1042 1041 1040 1039 1038 1037 1036 1035 1034 1033 1032 1031 1030 1029 1028 1027 1026 1025 1024 1023 1022 1021 1020 1019 1018 1017 1016 1015 1014 1013
f 1657 1658 1659 1660 1661 1662 1663 1664 1665 1666 1667 1668 1669 1670 1671 1672 1673 1674 1675 1676 1677 1678 1679 1680 1681 1682 1683 1684 1685 1686 1687 1688 1689 1690 1691 1692 1693 1694 1695 1696 1697 1698 1699 1700 1701 1702
f 1703 1704 1708 1707
f 1704 1705 1709 1708
f 1705 1706 1710 1709
f 1706 1703 1707 1710
f 1711 1712 1716 1715
f 1712 1713 1717 1716
f 1713 1714 1718 1717
f 1714 1711 1715 1718
f 1719 1720 1724 1723
f 1720 1721 1725 1724
f 1721 1722 1726 1725
f 1722 1719 1723 1726
f 1727 1728 1732 1731
f 1728 1729 1733 1732
f 1729 1730 1734 1733
f 1730 1727 1731 1734
f 1735 1781 1782 1736
f 1736 1782 1783 1737
f 1737 1783 1784 1738
f 1738 1784 1785 1739
f 1739 1785 1786 1740
f 1740 1786 1787 1741
f 1741 1787 1788 1742
f 1742 1788 1789 1743
f 1743 1789 1790 1744
f 1744 1790 1791 1745
f 1745 1791 1792 1746
f 1746 1792 1793 1747
f 1747 1793 1794 1748
f 1748 1794 1795 1749
f 1749 1795 1796 1750
f 1750 1796 1797 1751
f 1751 1797 1798 1752
f 1752 1798 1799 1753
f 1753 1799 1800 1754
f 1754 1800 1801 1755
f 1755 1801 1802 1756
f 1756 1802 1803 1757
f 1757 1803 1804 1758
f 1758 1804 1805 1759
f 1759 1805 1806 1760
f 1760 1806 1807 1761
f 1761 1807 1808 1762
f 1762 1808 1809 1763
f 1763 1809 1810 1764
f 1764 1810 1811 1765
f 1765 1811 1812 1766
f 1766 1812 1813 1767
f 1767 1813 1814 1768
f 1768 1814 1815 1769
f 1769 1815 1816 1770
f 1770 1816 1817 1771
f 1771 1817 1818 1772
f 1772 1818 1819 1773
f 1773 1819 1820 1774
f 1774 1820 1821 1775
f 1775 1821 1822 1776
f 1776 1822 1823 1777
f 1777 1823 1824 1778
f 1778 1824 1825 1779
f 1779 1825 1826 1780
f 1780 1826 1781 1735
f 1781 1827 1828 1782
f 1782 1828 1829 1783
f 1783 1829 1830 1784
f 1784 1830 1831 1785
f 1785 1831 1832 1786
f 1786 1832 1833 1787
f 1787 1833 1834 1788
f 1788 1834 1835 1789
f 1789 1835 1836 1790
f 1790 1836 1837 1791
f 1791 1837 1838 1792
f 1792 1838 1839 1793
f 1793 1839 1840 1794
f 1794 1840 1841 1795
f 1795 1841 1842 1796
f 1796 1842 1843 1797
f 1797 1843 1844 1798
f 1798 1844 1845 1799
f 1799 1845 1846 1800
f 1800 1846 1847 1801
f 1801 1847 1848 1802
f 1802 1848 1849 1803
f 1803 1849 1850 1804
f 1804 1850 1851 1805
f 1805 1851 1852 1806
f 1806 1852 1853 1807
f 1807 1853 1854 1808
f 1808 1854 1855 1809
f 1809 1855 1856 1810
f 1810 1856 1857 1811
f 1811 1857 1858 1812
f 1812 1858 1859 1813
f 1813 1859 1860 1814
f 1814 1860 1861 1815
f 1815 1861 1862 1816
f 1816 1862 1863 1817
f 1817 1863 1864 1818
f 1818 1864 1865 1819
f 1819 1865 1866 1820
f 1820 1866 1867 1821
f 1821 1867 1868 1822
f 1822 1868 1869 1823
f 1823 1869 1870 1824
f 1824 1870 1871 1825
f 1825 1871 1872 1826
f 1826 1872 1827 1781
f 1827 1873 1874 1828
f 1828 1874 1875 1829
f 1829 1875 1876 1830
f 1830 1876 1877 1831
f 1831 1877 1878 1832
f 1832 1878 1879 1833
f 1833 1879 1880 1834
f 1834 1880 1881 1835
f 1835 1881 1882 1836
f 1836 1882 1883 1837
f 1837 1883 1884 1838
f 1838 1884 1885 1839
f 1839 1885 1886 1840
f 1840 1886 1887 1841
f 1841 1887 1888 1842
f 1842 1888 1889 1843
f 1843 1889 1890 1844
f 1844 1890 1891 1845
f 1845 1891 1892 1846
f 1846 1892 1893 1847
f 1847 1893 1894 1848
f 1848 1894 1895 1849
f 1849 1895 1896 1850
f 1850 1896 1897 1851
f 1851 1897 1898 1852
f 1852 1898 1899 1853
f 1853 1899 1900 1854
f 1854 1900 1901 1855
f 1855 1901 1902 1856
f 1856 1902 1903 1857
f 1857 1903 1904 1858
f 1858 1904 1905 1859
f 1859 1905 1906 1860
f 1860 1906 1907 1861
f 1861 1907 1908 1862
f 1862 1908 1909 1863
f 1863 1909 1910 1864
f 1864 1910 1911 1865
f 1865 1911 1912 1866
f 1866 1912 1913 1867
f 1867 1913 1914 1868
f 1868 1914 1915 1869
f 1869 1915 1916 1870
f 1870 1916 1917 1871
f 1871 1917 1918 1872
f 1872 1918 1873 1827
f 1873 1919 1920 1874
f 1874 1920 1921 1875
f 1875 1921 1922 1876
f 1876 1922 1923 1877
f 1877 1923 1924 1878
f 1878 1924 1925 1879
f 1879 1925 1926 1880
f 1880 1926 1927 1881
f 1881 1927 1928 1882
f 1882 1928 1929 1883
f 1883 1929 1930 1884
f 1884 1930 1931 1885
f 1885 1931 1932 1886
f 1886 1932 1933 1887
f 1887 1933 1934 1888
f 1888 1934 1935 1889
f 1889 1935 1936 1890
f 1890 1936 1937 1891
f 1891 1937 1938 1892
f 1892 1938 1939 1893
f 1893 1939 1940 1894
f 1894 1940 1941 1895
f 1895 1941 1942 1896
f 1896 1942 1943 1897
f 1897 1943 1944 1898
f 1898 1944 1945 1899
f 1899 1945 1946 1900
f 1900 1946 1947 1901
f 1901 1947 1948 1902
f 1902 1948 1949 1903
f 1903 1949 1950 1904
f 1904 1950 1951 1905
f 1905 1951 1952 1906
f 1906 1952 1953 1907
f 1907 1953 1954 1908
f 1908 1954 1955 1909
f 1909 1955 1956 1910
f 1910 1956 1957 1911
f 1911 1957 1958 1912
f 1912 1958 1959 1913
f 1913 1959 1960 1914
f 1914 1960 1961 1915
f 1915 1961 1962 1916
f 1916 1962 1963 1917
f 1917 1963 1964 1918
f 1918 1964 1919 1873
f 1919 1965 1966 1920
f 1920 1966 1967 1921
f 1921 1967 1968 1922
f 1922 1968 1969 1923
f 1923 1969 1970 1924
f 1924 1970 1971 1925
f 1925 1971 1972 1926
f 1926 1972 1973 1927
f 1927 1973 1974 1928
f 1928 1974 1975 1929
f 1929 1975 1976 1930
f 1930 1976 1977 1931
f 1931 1977 1978 1932
f 1932 1978 1979 1933
f 1933 1979 1980 1934
f 1934 1980 1981 1935
f 1935 1981 1982 1936
f 1936 1982 1983 1937
f 1937 1983 1984 1938
f 1938 1984 1985 1939
f 1939 1985 1986 1940
f 1940 1986 1987 1941
f 1941 1987 1988 1942
f 1942 1988 1989 1943
f 1943 1989 1990 1944
f 1944 1990 1991 1945
f 1945 1991 1992 1946
f 1946 1992 1993 1947
f 1947 1993 1994 1948
f 1948 1994 1995 1949
f 1949 1995 1996 1950
f 1950 1996 1997 1951
f 1951 1997 1998 1952
f 1952 1998 1999 1953
f 1953 1999 2000 1954
f 1954 2000 2001 1955
f 1955 2001 2002 1956
f 1956 2002 2003 1957
f 1957 2003 2004 1958
f 1958 2004 2005 1959
f 1959 2005 2006 1960
f 1960 2006 2007 1961
f 1961 2007 2008 1962
f 1962 2008 2009 1963
f 1963 2009 2010 1964
f 1964 2010 1965 1919
f 1965 2011 2012 1966
f 1966 2012 2013 1967
f 1967 2013 2014 1968
f 1968 2014 2015 1969
f 1969 2015 2016 1970
f 1970 2016 2017 1971
f 1971 2017 2018 1972
f 1972 2018 2019 1973
f 1973 2019 2020 1974
f 1974 2020 2021 1975
f 1975 2021 2022 1976
f 1976 2022 2023 1977
f 1977 2023 2024 1978
f 1978 2024 2025 1979
f 1979 2025 2026 1980
f 1980 2026 2027 1981
f 1981 2027 2028 1982
f 1982 2028 2029 1983
f 1983 2029 2030 1984
f 1984 2030 2031 1985
f 1985 2031 2032 1986
f 1986 2032 2033 1987
f 1987 2033 2034 1988
f 1988 2034 2035 1989
f 1989 2035 2036 1990
f 1990 2036 2037 1991
f 1991 2037 2038 1992
f 1992 2038 2039 1993
f 1993 2039 2040 1994
f 1994 2040 2041 1995
f 1995 2041 2042 1996
f 1996 2042 2043 1997
f 1997 2043 2044 1998
f 1998 2044 2045 1999
f 1999 2045 2046 2000
f 2000 2046 2047 2001
f 2001 2047 2048 2002
f 2002 2048 2049 2003
f 2003 2049 2050 2004
f 2004 2050 2051 2005
f 2005 2051 2052 2006
f 2006 2052 2053 2007
f 2007 2053 2054 2008
f 2008 2054 2055 2009
f 2009 2055 2056 2010
f 2010 2056 2011 1965
f 2011 2057 2058 2012
f 2012 2058 2059 2013
f 2013 2059 2060 2014
f 2014 2060 2061 2015
f 2015 2061 2062 2016
f 2016 2062 2063 2017
f 2017 2063 2064 2018
f 2018 2064 2065 2019
f 2019 2065 2066 2020
f 2020 2066 2067 2021
f 2021 2067 2068 2022
f 2022 2068 2069 2023
f 2023 2069 2070 2024
f 2024 2070 2071 2025
f 2025 2071 2072 2026
f 2026 2072 2073 2027
f 2027 2073 2074 2028
f 2028 2074 2075 2029
f 2029 2075 2076 2030
f 2030 2076 2077 2031
f 2031 2077 2078 2032
f 2032 2078 2079 2033
f 2033 2079 2080 2034
f 2034 2080 2081 2035
f 2035 2081 2082 2036
f 2036 2082 2083 2037
f 2037 2083 2084 2038
f 2038 2084 2085 2039
f 2039 2085 2086 2040
f 2040 2086 2087 2041
f 2041 2087 2088 2042
f 2042 2088 2089 2043
f 2043 2089 2090 2044
f 2044 2090 2091 2045
f 2045 2091 2092 2046
f 2046 2092 2093 2047
f 2047 2093 2094 2048
f 2048 2094 2095 2049
f 2049 2095 2096 2050
f 2050 2096 2097 2051
f 2051 2097 2098 2052
f 2052 2098 2099 2053
f 2053 2099 2100 2054
f 2054 2100 2101 2055
f 2055 2101 2102 2056
f 2056 2102 2057 2011
f 2057 2103 2104 2058
f 2058 2104 2105 2059
f 2059 2105 2106 2060
f 2060 2106 2107 2061
f 2061 2107 2108 2062
f 2062 2108 2109 2063
f 2063 2109 2110 2064
f 2064 2110 2111 2065
f 2065 2111 2112 2066
f 2066 2112 2113 2067
f 2067 2113 2114 2068
f 2068 2114 2115 2069
f 2069 2115 2116 2070
f 2070 2116 2117 2071
f 2071 2117 2118 2072
f 2072 2118 2119 2073
f 2073 2119 2120 2074
f 2074 2120 2121 2075
f 2075 2121 2122 2076
f 2076 2122 2123 2077
f 2077 2123 2124 2078
f 2078 2124 2125 2079
f 2079 2125 2126 2080
f 2080 2126 2127 2081
f 2081 2127 2128 2082
f 2082 2128 2129 2083
f 2083 2129 2130 2084
f 2084 2130 2131 2085
f 2085 2131 2132 2086
f 2086 2132 2133 2087
f 2087 2133 2134 2088
f 2088 2134 2135 2089
f 2089 2135 2136 2090
f 2090 2136 2137 2091
f 2091 2137 2138 2092
f 2092 2138 2139 2093
f 2093 2139 2140 2094
f 2094 2140 2141 2095
f 2095 2141 2142 2096
f 2096 2142 2143 2097
f 2097 2143 2144 2098
f 2098 2144 2145 2099
f 2099 2145 2146 2100
f 2100 2146 2147 2101
f 2101 2147 2148 2102
f 2102 2148 2103 2057
f 2103 2149 2150 2104
f 2104 2150 2151 2105
f 2105 2151 2152 2106
f 2106 2152 2153 2107
f 2107 2153 2154 2108
f 2108 2154 2155 2109
f 2109 2155 2156 2110
f 2110 2156 2157 2111
f 2111 2157 2158 2112
f 2112 2158 2159 2113
f 2113 2159 2160 2114
f 2114 2160 2161 2115
f 2115 2161 2162 2116
f 2116 2162 2163 2117
f 2117 2163 2164 2118
f 2118 2164 2165 2119
f 2119 2165 2166 2120
f 2120 2166 2167 2121
f 2121 2167 2168 2122
f 2122 2168 2169 2123
f 2123 2169 2170 2124
f 2124 2170 2171 2125
f 2125 2171 2172 2126
f 2126 2172 2173 2127
f 2127 2173 2174 2128
f 2128 2174 2175 2129
f 2129 2175 2176 2130
f 2130 2176 2177 2131
f 2131 2177 2178 2132
f 2132 2178 2179 2133
f 2133 2179 2180 2134
f 2134 2180 2181 2135
f 2135 2181 2182 2136
f 2136 2182 2183 2137
f 2137 2183 2184 2138
f 2138 2184 2185 2139
f 2139 2185 2186 2140
f 2140 2186 2187 2141
f 2141 2187 2188 2142
f 2142 2188 2189 2143
f 2143 2189 2190 2144
f 2144 2190 2191 2145
f 2145 2191 2192 2146
f 2146 2192 2193 2147
f 2147 2193 2194 2148
f 2148 2194 2149 2103
f 2149 2195 2196 2150
f 2150 2196 2197 2151
f 2151 2197 2198 2152
f 2152 2198 2199 2153
f 2153 2199 2200 2154
f 2154 2200 2201 2155
f 2155 2201 2202 2156
f 2156 2202 2203 2157
f 2157 2203 2204 2158
f 2158 2204 2205 2159
f 2159 2205 2206 2160
f 2160 2206 2207 2161
f 2161 2207 2208 2162
f 2162 2208 2209 2163
f 2163 2209 2210 2164
f 2164 2210 2211 2165
f 2165 2211 2212 2166
f 2166 2212 2213 2167
f 2167 2213 2214 2168
f 2168 2214 2215 2169
f 2169 2215 2216 2170
f 2170 2216 2217 2171
f 2171 2217 2218 2172
f 2172 2218 2219 2173
f 2173 2219 2220 2174
f 2174 2220 2221 2175
f 2175 2221 2222 2176
f 2176 2222 2223 2177
f 2177 2223 2224 2178
f 2178 2224 2225 2179
f 2179 2225 2226 2180
f 2180 2226 2227 2181
f 2181 2227 2228 2182
f 2182 2228 2229 2183
f 2183 2229 2230 2184
f 2184 2230 2231 2185
f 2185 2231 2232 2186
f 2186 2232 2233 2187
f 2187 2233 2234 2188
f 2188 2234 2235 2189
f 2189 2235 2236 2190
f 2190 2236 2237 2191
f 2191 2237 2238 2192
f 2192 2238 2239 2193
f 2193 2239 2240 2194
f 2194 2240 2195 2149
f 2195 2241 2242 2196
f 2196 2242 2243 2197
f 2197 2243 2244 2198
f 2198 2244 2245 2199
f 2199 2245 2246 2200
f 2200 2246 2247 2201
f 2201 2247 2248 2202
f 2202 2248 2249 2203
f 2203 2249 2250 2204
f 2204 2250 2251 2205
f 2205 2251 2252 2206
f 2206 2252 2253 2207
f 2207 2253 2254 2208
f 2208 2254 2255 2209
f 2209 2255 2256 2210
f 2210 2256 2257 2211
f 2211 2257 2258 2212
f 2212 2258 2259 2213
f 2213 2259 2260 2214
f 2214 2260 2261 2215
f 2215 2261 2262 2216
f 2216 2262 2263 2217
f 2217 2263 2264 2218
f 2218 2264 2265 2219
f 2219 2265 2266 2220
f 2220 2266 2267 2221
f 2221 2267 2268 2222
f 2222 2268 2269 2223
f 2223 2269 2270 2224
f 2224 2270 2271 2225
f 2225 2271 2272 2226
f 2226 2272 2273 2227
f 2227 2273 2274 2228
f 2228 2274 2275 2229
f 2229 2275 2276 2230
f 2230 2276 2277 2231
f 2231 2277 2278 2232
f 2232 2278 2279 2233
f 2233 2279 2280 2234
f 2234 2280 2281 2235
f 2235 2281 2282 2236
f 2236 2282 2283 2237
f 2237 2283 2284 2238
f 2238 2284 2285 2239
f 2239 2285 2286 2240
f 2240 2286 2241 2195
f 2241 2287 2288 2242
f 2242 2288 2289 2243
f 2243 2289 2290 2244
f 2244 2290 2291 2245
f 2245 2291 2292 2246
f 2246 2292 2293 2247
f 2247 2293 2294 2248
f 2248 2294 2295 2249
f 2249 2295 2296 2250
f 2250 2296 2297 2251
f 2251 2297 2298 2252
f 2252 2298 2299 2253
f 2253 2299 2300 2254
f 2254 2300 2301 2255
f 2255 2301 2302 2256
f 2256 2302 2303 2257
f 2257 2303 2304 2258
f 2258 2304 2305 2259
f 2259 2305 2306 2260
f 2260 2306 2307 2261
f 2261 2307 2308 2262
f 2262 2308 2309 2263
f 2263 2309 2310 2264
f 2264 2310 2311 2265
f 2265 2311 2312 2266
f 2266 2312 2313 2267
f 2267 2313 2314 2268
f 2268 2314 2315 2269
f 2269 2315 2316 2270
f 2270 2316 2317 2271
f 2271 2317 2318 2272
f 2272 2318 2319 2273
f 2273 2319 2320 2274
f 2274 2320 2321 2275
f 2275 2321 2322 2276
f 2276 2322 2323 2277
f 2277 2323 2324 2278
f 2278 2324 2325 2279
f 2279 2325 2326 2280
f 2280 2326 2327 2281
f 2281 2327 2328 2282
f 2282 2328 2329 2283
f 2283 2329 2330 2284
f 2284 2330 2331 2285
f 2285 2331 2332 2286
f 2286 2332 2287 2241
f 2287 2333 2334 2288
f 2288 2334 2335 2289
f 2289 2335 2336 2290
f 2290 2336 2337 2291
f 2291 2337 2338 2292
f 2292 2338 2339 2293
f 2293 2339 2340 2294
f 2294 2340 2341 2295
f 2295 2341 2342 2296
f 2296 2342 2343 2297
f 2297 2343 2344 2298
f 2298 2344 2345 2299
f 2299 2345 2346 2300
f 2300 2346 2347 2301
f 2301 2347 2348 2302
f 2302 2348 2349 2303
f 2303 2349 2350 2304
f 2304 2350 2351 2305
f 2305 2351 2352 2306
f 2306 2352 2353 2307
f 2307 2353 2354 2308
f 2308 2354 2355 2309
f 2309 2355 2356 2310
f 2310 2356 2357 2311
f 2311 2357 2358 2312
f 2312 2358 2359 2313
f 2313 2359 2360 2314
f 2314 2360 2361 2315
f 2315 2361 2362 2316
f 2316 2362 2363 2317
f 2317 2363 2364 2318
f 2318 2364 2365 2319
f 2319 2365 2366 2320
f 2320 2366 2367 2321
f 2321 2367 2368 2322
f 2322 2368 2369 2323
f 2323 2369 2370 2324
f 2324 2370 2371 2325
f 2325 2371 2372 2326
f 2326 2372 2373 2327
f 2327 2373 2374 2328
f 2328 2374 2375 2329
f 2329 2375 2376 2330
f 2330 2376 2377 2331
f 2331 2377 2378 2332
f 2332 2378 2333 2287
f 2333 2379 2380 2334
f 2334 2380 2381 2335
f 2335 2381 2382 2336
f 2336 2382 2383 2337
f 2337 2383 2384 2338
f 2338 2384 2385 2339
f 2339 2385 2386 2340
f 2340 2386 2387 2341
f 2341 2387 2388 2342
f 2342 2388 2389 2343
f 2343 2389 2390 2344
f 2344 2390 2391 2345
f 2345 2391 2392 2346
f 2346 2392 2393 2347
f 2347 2393 2394 2348
f 2348 2394 2395 2349
f 2349 2395 2396 2350
f 2350 2396 2397 2351
f 2351 2397 2398 2352
f 2352 2398 2399 2353
f 2353 2399 2400 2354
f 2354 2400 2401 2355
f 2355 2401 2402 2356
f 2356 2402 2403 2357
f 2357 2403 2404 2358
f 2358 2404 2405 2359
f 2359 2405 2406 2360
f 2360 2406 2407 2361
f 2361 2407 2408 2362
f 2362 2408 2409 2363
f 2363 2409 2410 2364
f 2364 2410 2411 2365
f 2365 2411 2412 2366
f 2366 2412 2413 2367
f 2367 2413 2414 2368
f 2368 2414 2415 2369
f 2369 2415 2416 2370
f 2370 2416 2417 2371
f 2371 2417 2418 2372
f 2372 2418 2419 2373
f 2373 2419 2420 2374
f 2374 2420 2421 2375
f 2375 2421 2422 2376
f 2376 2422 2423 2377
f 2377 2423 2424 2378
f 2378 2424 2379 2333
f 2379 2425 2426 2380
f 2380 2426 2427 2381
f 2381 2427 2428 2382
f 2382 2428 2429 2383
f 2383 2429 2430 2384
f 2384 2430 2431 2385
f 2385 2431 2432 2386
f 2386 2432 2433 2387
f 2387 2433 2434 2388
f 2388 2434 2435 2389
f 2389 2435 2436 2390
f 2390 2436 2437 2391
f 2391 2437 2438 2392
f 2392 2438 2439 2393
f 2393 2439 2440 2394
f 2394 2440 2441 2395
f 2395 2441 2442 2396
f 2396 2442 2443 2397
f 2397 2443 2444 2398
f 2398 2444 2445 2399
f 2399 2445 2446 2400
f 2400 2446 2447 2401
f 2401 2447 2448 2402
f 2402 2448 2449 2403
f 2403 2449 2450 2404
f 2404 2450 2451 2405
f 2405 2451 2452 2406
f 2406 2452 2453 2407
f 2407 2453 2454 2408
f 2408 2454 2455 2409
f 2409 2455 2456 2410
f 2410 2456 2457 2411
f 2411 2457 2458 2412
f 2412 2458 2459 2413
f 2413 2459 2460 2414
f 2414 2460 2461 2415
f 2415 2461 2462 2416
f 2416 2462 2463 2417
f 2417 2463 2464 2418
f 2418 2464 2465 2419
f 2419 2465 2466 2420
f 2420 2466 2467 2421
f 2421 2467 2468 2422
f 2422 2468 2469 2423
f 2423 2469 2470 2424
f 2424 2470 2425 2379
f 2425 2471 2472 2426
f 2426 2472 2473 2427
f 2427 2473 2474 2428
f 2428 2474 2475 2429
f 2429 2475 2476 2430
f 2430 2476 2477 2431
f 2431 2477 2478 2432
f 2432 2478 2479 2433
f 2433 2479 2480 2434
f 2434 2480 2481 2435
f 2435 2481 2482 2436
f 2436 2482 2483 2437
f 2437 2483 2484 2438
f 2438 2484 2485 2439
f 2439 2485 2486 2440
f 2440 2486 2487 2441
f 2441 2487 2488 2442
f 2442 2488 2489 2443
f 2443 2489 2490 2444
f 2444 2490 2491 2445
f 2445 2491 2492 2446
f 2446 2492 2493 2447
f 2447 2493 2494 2448
f 2448 2494 2495 2449
f 2449 2495 2496 2450
f 2450 2496 2497 2451
f 2451 2497 2498 2452
f 2452 2498 2499 2453
f 2453 2499 2500 2454
f 2454 2500 2501 2455
f 2455 2501 2502 2456
f 2456 2502 2503 2457
f 2457 2503 2504 2458
f 2458 2504 2505 2459
f 2459 2505 2506 2460
f 2460 2506 2507 2461
f 2461 2507 2508 2462
f 2462 2508 2509 2463
f 2463 2509 2510 2464
f 2464 2510 2511 2465
f 2465 2511 2512 2466
f 2466 2512 2513 2467
f 2467 2513 2514 2468
f 2468 2514 2515 2469
f 2469 2515 2516 2470
f 2470 2516 2471 2425
f 2471 2517 2518 2472
f 2472 2518 2519 2473
f 2473 2519 2520 2474
f 2474 2520 2521 2475
f 2475 2521 2522 2476
f 2476 2522 2523 2477
f 2477 2523 2524 2478
f 2478 2524 2525 2479
f 2479 2525 2526 2480
f 2480 2526 2527 2481
f 2481 2527 2528 2482
f 2482 2528 2529 2483
f 2483 2529 2530 2484
f 2484 2530 2531 2485
f 2485 2531 2532 2486
f 2486 2532 2533 2487
f 2487 2533 2534 2488
f 2488 2534 2535 2489
f 2489 2535 2536 2490
f 2490 2536 2537 2491
f 2491 2537 2538 2492
f 2492 2538 2539 2493
f 2493 2539 2540 2494
f 2494 2540 2541 2495
f 2495 2541 2542 2496
f 2496 2542 2543 2497
f 2497 2543 2544 2498
f 2498 2544 2545 2499
f 2499 2545 2546 2500
f 2500 2546 2547 2501
f 2501 2547 2548 2502
f 2502 2548 2549 2503
f 2503 2549 2550 2504
f 2504 2550 2551 2505
f 2505 2551 2552 2506
f 2506 2552 2553 2507
f 2507 2553 2554 2508
f 2508 2554 2555 2509
f 2509 2555 2556 2510
f 2510 2556 2557 2511
f 2511 2557 2558 2512
f 2512 2558 2559 2513
f 2513 2559 2560 2514
f 2514 2560 2561 2515
f 2515 2561 2562 2516
f 2516 2562 2517 2471
f 2517 2563 2564 2518
f 2518 2564 2565 2519
f 2519 2565 2566 2520
f 2520 2566 2567 2521
f 2521 2567 2568 2522
f 2522 2568 2569 2523
f 2523 2569 2570 2524
f 2524 2570 2571 2525
f 2525 2571 2572 2526
f 2526 2572 2573 2527
f 2527 2573 2574 2528
f 2528 2574 2575 2529
f 2529 2575 2576 2530
f 2530 2576 2577 2531
f 2531 2577 2578 2532
f 2532 2578 2579 2533
f 2533 2579 2580 2534
f 2534 2580 2581 2535
f 2535 2581 2582 2536
f 2536 2582 2583 2537
f 2537 2583 2584 2538
f 2538 2584 2585 2539
f 2539 2585 2586 2540
f 2540 2586 2587 2541
f 2541 2587 2588 2542
f 2542 2588 2589 2543
f 2543 2589 2590 2544
f 2544 2590 2591 2545
f 2545 2591 2592 2546
f 2546 2592 2593 2547
f 2547 2593 2594 2548
f 2548 2594 2595 2549
f 2549 2595 2596 2550
f 2550 2596 2597 2551
f 2551 2597 2598 2552
f 2552 2598 2599 2553
f 2553 2599 2600 2554
f 2554 2600 2601 2555
f 2555 2601 2602 2556
f 2556 2602 2603 2557
f 2557 2603 2604 2558
f 2558 2604 2605 2559
f 2559 2605 2606 2560
f 2560 2606 2607 2561
f 2561 2607 2608 2562
f 2562 2608 2563 2517
f 2563 2609 2610 2564
f 2564 2610 2611 2565
f 2565 2611 2612 2566
f 2566 2612 2613 2567
f 2567 2613 2614 2568
f 2568 2614 2615 2569
f 2569 2615 2616 2570
f 2570 2616 2617 2571
f 2571 2617 2618 2572
f 2572 2618 2619 2573
f 2573 2619 2620 2574
f 2574 2620 2621 2575
f 2575 2621 2622 2576
f 2576 2622 2623 2577
f 2577 2623 2624 2578
f 2578 2624 2625 2579
f 2579 2625 2626 2580
f 2580 2626 2627 2581
f 2581 2627 2628 2582
f 2582 2628 2629 2583
f 2583 2629 2630 2584
f 2584 2630 2631 2585
f 2585 2631 2632 2586
f 2586 2632 2633 2587
f 2587 2633 2634 2588
f 2588 2634 2635 2589
f 2589 2635 2636 2590
f 2590 2636 2637 2591
f 2591 2637 2638 2592
f 2592 2638 2639 2593
f 2593 2639 2640 2594
f 2594 2640 2641 2595
f 2595 2641 2642 2596
f 2596 2642 2643 2597
f 2597 2643 2644 2598
f 2598 2644 2645 2599
f 2599 2645 2646 2600
f 2600 2646 2647 2601
f 2601 2647 2648 2602
f 2602 2648 2649 2603
f 2603 2649 2650 2604
f 2604 2650 2651 2605
f 2605 2651 2652 2606
f 2606 2652 2653 2607
f 2607 2653 2654 2608
f 2608 2654 2609 2563
f 2609 2655 2656 2610
f 2610 2656 2657 2611
f 2611 2657 2658 2612
f 2612 2658 2659 2613
f 2613 2659 2660 2614
f 2614 2660 2661 2615
f 2615 2661 2662 2616
f 2616 2662 2663 2617
f 2617 2663 2664 2618
f 2618 2664 2665 2619
f 2619 2665 2666 2620
f 2620 2666 2667 2621
f 2621 2667 2668 2622
f 2622 2668 2669 2623
f 2623 2669 2670 2624
f 2624 2670 2671 2625
f 2625 2671 2672 2626
f 2626 2672 2673 2627
f 2627 2673 2674 2628
f 2628 2674 2675 2629
f 2629 2675 2676 2630
f 2630 2676 2677 2631
f 2631 2677 2678 2632
f 2632 2678 2679 2633
f 2633 2679 2680 2634
f 2634 2680 2681 2635
f 2635 2681 2682 2636
f 2636 2682 2683 2637
f 2637 2683 2684 2638
f 2638 2684 2685 2639
f 2639 2685 2686 2640
f 2640 2686 2687 2641
f 2641 2687 2688 2642
f 2642 2688 2689 2643
f 2643 2689 2690 2644
f 2644 2690 2691 2645
f 2645 2691 2692 2646
f 2646 2692 2693 2647
f 2647 2693 2694 2648
f 2648 2694 2695 2649
f 2649 2695 2696 2650
f 2650 2696 2697 2651
f 2651 2697 2698 2652
f 2652 2698 2699 2653
f 2653 2699 2700 2654
f 2654 2700 2655 2609
f 2655 2701 2702 2656
f 2656 2702 2703 2657
f 2657 2703 2704 2658
f 2658 2704 2705 2659
f 2659 2705 2706 2660
f 2660 2706 2707 2661
f 2661 2707 2708 2662
f 2662 2708 2709 2663
f 2663 2709 2710 2664
f 2664 2710 2711 2665
f 2665 2711 2712 2666
f 2666 2712 2713 2667
f 2667 2713 2714 2668
f 2668 2714 2715 2669
f 2669 2715 2716 2670
f 2670 2716 2717 2671
f 2671 2717 2718 2672
f 2672 2718 2719 2673
f 2673 2719 2720 2674
f 2674 2720 2721 2675
f 2675 2721 2722 2676
f 2676 2722 2723 2677
f 2677 2723 2724 2678
f 2678 2724 2725 2679
f 2679 2725 2726 2680
f 2680 2726 2727 2681
f 2681 2727 2728 2682
f 2682 2728 2729 2683
f 2683 2729 2730 2684
f 2684 2730 2731 2685
f 2685 2731 2732 2686
f 2686 2732 2733 2687
f 2687 2733 2734 2688
f 2688 2734 2735 2689
f 2689 2735 2736 2690
f 2690 2736 2737 2691
f 2691 2737 2738 2692
f 2692 2738 2739 2693
f 2693 2739 2740 2694
f 2694 2740 2741 2695
f 2695 2741 2742 2696
f 2696 2742 2743 2697
f 2697 2743 2744 2698
f 2698 2744 2745 2699
f 2699 2745 2746 2700
f 2700 2746 2701 2655
f 1735 1736 1737 1738 1739 1740 1741 1742 1743 1744 1745 1746 1747 1748 1749 1750 1751 1752 1753 1754 1755 1756 1757 1758 1759 1760 1761 1762 1763 1764 1765 1766 1767 1768 1769 1770 1771 1772 1773 1774 1775 1776 1777 1778 1779 1780
f 2746 2745 2744 2743 2742 2741 2740 2739 2738 2737 2736 2735 2734 2733 2732 2731 2730 2729 2728 2727 2726 2725 2724 2723 2722 2721 2720 2719 2718 2717 2716 2715 2714 2713 2712 2711 2710 2709 2708 2707 2706 2705 2704 2703 2702 2701
f 2747 2793 2794 2748
f 2748 2794 2795 2749
f 2749 2795 2796 2750
f 2750 2796 2797 2751
f 2751 2797 2798 2752
f 2752 2798 2799 2753
f 2753 2799 2800 2754
f 2754 2800 2801 2755
f 2755 2801 2802 2756
f 2756 2802 2803 2757
f 2757 2803 2804 2758
f 2758 2804 2805 2759
f 2759 2805 2806 2760
f 2760 2806 2807 2761
f 2761 2807 2808 2762
f 2762 2808 2809 2763
f 2763 2809 2810 2764
f 2764 2810 2811 2765
f 2765 2811 2812 2766
f 2766 2812 2813 2767
f 2767 2813 2814 2768
f 2768 2814 2815 2769
f 2769 2815 2816 2770
f 2770 2816 2817 2771
f 2771 2817 2818 2772
f 2772 2818 2819 2773
f 2773 2819 2820 2774
f 2774 2820 2821 2775
f 2775 2821 2822 2776
f 2776 2822 2823 2777
f 2777 2823 2824 2778
f 2778 2824 2825 2779
f 2779 2825 2826 2780
f 2780 2826 2827 2781
f 2781 2827 2828 2782
f 2782 2828 2829 2783
f 2783 2829 2830 2784
f 2784 2830 2831 2785
f 2785 2831 2832 2786
f 2786 2832 2833 2787
f 2787 2833 2834 2788
f 2788 2834 2835 2789
f 2789 2835 2836 2790
f 2790 2836 2837 2791
f 2791 2837 2838 2792
f 2792 2838 2793 2747
f 2793 2839 2840 2794
f 2794 2840 2841 2795
f 2795 2841 2842 2796
f 2796 2842 2843 2797
f 2797 2843 2844 2798
f 2798 2844 2845 2799
f 2799 2845 2846 2800
f 2800 2846 2847 2801
f 2801 2847 2848 2802
f 2802 2848 2849 2803
f 2803 2849 2850 2804
f 2804 2850 2851 2805
f 2805 2851 2852 2806
f 2806 2852 2853 2807
f 2807 2853 2854 2808
f 2808 2854 2855 2809
f 2809 2855 2856 2810
f 2810 2856 2857 2811
f 2811 2857 2858 2812
f 2812 2858 2859 2813
f 2813 2859 2860 2814
f 2814 2860 2861 2815
f 2815 2861 2862 2816
f 2816 2862 2863 2817
f 2817 2863 2864 2818
f 2818 2864 2865 2819
f 2819 2865 2866 2820
f 2820 2866 2867 2821
f 2821 2867 2868 2822
f 2822 2868 2869 2823
f 2823 2869 2870 2824
f 2824 2870 2871 2825
f 2825 2871 2872 2826
f 2826 2872 2873 2827
f 2827 2873 2874 2828
f 2828 2874 2875 2829
f 2829 2875 2876 2830
f 2830 2876 2877 2831
f 2831 2877 2878 2832
f 2832 2878 2879 2833
f 2833 2879 2880 2834
f 2834 2880 2881 2835
f 2835 2881 2882 2836
f 2836 2882 2883 2837
f 2837 2883 2884 2838
f 2838 2884 2839 2793
f 2839 2885 2886 2840
f 2840 2886 2887 2841
f 2841 2887 2888 2842
f 2842 2888 2889 2843
f 2843 2889 2890 2844
f 2844 2890 2891 2845
f 2845 2891 2892 2846
f 2846 2892 2893 2847
f 2847 2893 2894 2848
f 2848 2894 2895 2849
f 2849 2895 2896 2850
f 2850 2896 2897 2851
f 2851 2897 2898 2852
f 2852 2898 2899 2853
f 2853 2899 2900 2854
f 2854 2900 2901 2855
f 2855 2901 2902 2856
f 2856 2902 2903 2857
f 2857 2903 2904 2858
f 2858 2904 2905 2859
f 2859 2905 2906 2860
f 2860 2906 2907 2861
f 2861 2907 2908 2862
f 2862 2908 2909 2863
f 2863 2909 2910 2864
f 2864 2910 2911 2865
f 2865 2911 2912 2866
f 2866 2912 2913 2867
f 2867 2913 2914 2868
f 2868 2914 2915 2869
f 2869 2915 2916 2870
f 2870 2916 2917 2871
f 2871 2917 2918 2872
f 2872 2918 2919 2873
f 2873 2919 2920 2874
f 2874 2920 2921 2875
f 2875 2921 2922 2876
f 2876 2922 2923 2877
f 2877 2923 2924 2878
f 2878 2924 2925 2879
f 2879 2925 2926 2880
f 2880 2926 2927 2881
f 2881 2927 2928 2882
f 2882 2928 2929 2883
f 2883 2929 2930 2884
f 2884 2930 2885 2839
f 2885 2931 2932 2886
f 2886 2932 2933 2887
f 2887 2933 2934 2888
f 2888 2934 2935 2889
f 2889 2935 2936 2890
f 2890 2936 2937 2891
f 2891 2937 2938 2892
f 2892 2938 2939 2893
f 2893 2939 2940 2894
f 2894 2940 2941 2895
f 2895 2941 2942 2896
f 2896 2942 2943 2897
f 2897 2943 2944 2898
f 2898 2944 2945 2899
f 2899 2945 2946 2900
f 2900 2946 2947 2901
f 2901 2947 2948 2902
f 2902 2948 2949 2903
f 2903 2949 2950 2904
f 2904 2950 2951 2905
f 2905 2951 2952 2906
f 2906 2952 2953 2907
f 2907 2953 2954 2908
f 2908 2954 2955 2909
f 2909 2955 2956 2910
f 2910 2956 2957 2911
f 2911 2957 2958 2912
f 2912 2958 2959 2913
f 2913 2959 2960 2914
f 2914 2960 2961 2915
f 2915 2961 2962 2916
f 2916 2962 2963 2917
f 2917 2963 2964 2918
f 2918 2964 2965 2919
f 2919 2965 2966 2920
f 2920 2966 2967 2921
f 2921 2967 2968 2922
f 2922 2968 2969 2923
f 2923 2969 2970 2924
f 2924 2970 2971 2925
f 2925 2971 2972 2926
f 2926 2972 2973 2927
f 2927 2973 2974 2928
f 2928 2974 2975 2929
f 2929 2975 2976 2930
f 2930 2976 2931 2885
f 2931 2977 2978 2932
f 2932 2978 2979 2933
f 2933 2979 2980 2934
f 2934 2980 2981 2935
f 2935 2981 2982 2936
f 2936 2982 2983 2937
f 2937 2983 2984 2938
f 2938 2984 2985 2939
f 2939 2985 2986 2940
f 2940 2986 2987 2941
f 2941 2987 2988 2942
f 2942 2988 2989 2943
f 2943 2989 2990 2944
f 2944 2990 2991 2945
f 2945 2991 2992 2946
f 2946 2992 2993 2947
f 2947 2993 2994 2948
f 2948 2994 2995 2949
f 2949 2995 2996 2950
f 2950 2996 2997 2951
f 2951 2997 2998 2952
f 2952 2998 2999 2953
f 2953 2999 3000 2954
f 2954 3000 3001 2955
f 2955 3001 3002 2956
f 2956 3002 3003 2957
f 2957 3003 3004 2958
f 2958 3004 3005 2959
f 2959 3005 3006 2960
f 2960 3006 3007 2961
f 2961 3007 3008 2962
f 2962 3008 3009 2963
f 2963 3009 3010 2964
f 2964 3010 3011 2965
f 2965 3011 3012 2966
f 2966 3012 3013 2967
f 2967 3013 3014 2968
f 2968 3014 3015 2969
f 2969 3015 3016 2970
f 2970 3016 3017 2971
f 2971 3017 3018 2972
f 2972 3018 3019 2973
f 2973 3019 3020 2974
f 2974 3020 3021 2975
f 2975 3021 3022 2976
f 2976 3022 2977 2931
f 2977 3023 3024 2978
f 2978 3024 3025 2979
f 2979 3025 3026 2980
f 2980 3026 3027 2981
f 2981 3027 3028 2982
f 2982 3028 3029 2983
f 2983 3029 3030 2984
f 2984 3030 3031 2985
f 2985 3031 3032 2986
f 2986 3032 3033 2987
f 2987 3033 3034 2988
f 2988 3034 3035 2989
f 2989 3035 3036 2990
f 2990 3036 3037 2991
f 2991 3037 3038 2992
f 2992 3038 3039 2993
f 2993 3039 3040 2994
f 2994 3040 3041 2995
f 2995 3041 3042 2996
f 2996 3042 3043 2997
f 2997 3043 3044 2998
f 2998 3044 3045 2999
f 2999 3045 3046 3000
f 3000 3046 3047 3001
f 3001 3047 3048 3002
f 3002 3048 3049 3003
f 3003 3049 3050 3004
f 3004 3050 3051 3005
f 3005 3051 3052 3006
f 3006 3052 3053 3007
f 3007 3053 3054 3008
f 3008 3054 3055 3009
f 3009 3055 3056 3010
f 3010 3056 3057 3011
f 3011 3057 3058 3012
f 3012 3058 3059 3013
f 3013 3059 3060 3014
f 3014 3060 3061 3015
f 3015 3061 3062 3016
f 3016 3062 3063 3017
f 3017 3063 3064 3018
f 3018 3064 3065 3019
f 3019 3065 3066 3020
f 3020 3066 3067 3021
f 3021 3067 3068 3022
f 3022 3068 3023 2977
f 3023 3069 3070 3024
f 3024 3070 3071 3025
f 3025 3071 3072 3026
f 3026 3072 3073 3027
f 3027 3073 3074 3028
f 3028 3074 3075 3029
f 3029 3075 3076 3030
f 3030 3076 3077 3031
f 3031 3077 3078 3032
f 3032 3078 3079 3033
f 3033 3079 3080 3034
f 3034 3080 3081 3035
f 3035 3081 3082 3036
f 3036 3082 3083 3037
f 3037 3083 3084 3038
f 3038 3084 3085 3039
f 3039 3085 3086 3040
f 3040 3086 3087 3041
f 3041 3087 3088 3042
f 3042 3088 3089 3043
f 3043 3089 3090 3044
f 3044 3090 3091 3045
f 3045 3091 3092 3046
f 3046 3092 3093 3047
f 3047 3093 3094 3048
f 3048 3094 3095 3049
f 3049 3095 3096 3050
f 3050 3096 3097 3051
f 3051 3097 3098 3052
f 3052 3098 3099 3053
f 3053 3099 3100 3054
f 3054 3100 3101 3055
f 3055 3101 3102 3056
f 3056 3102 3103 3057
f 3057 3103 3104 3058
f 3058 3104 3105 3059
f 3059 3105 3106 3060
f 3060 3106 3107 3061
f 3061 3107 3108 3062
f 3062 3108 3109 3063
f 3063 3109 3110 3064
f 3064 3110 3111 3065
f 3065 3111 3112 3066
f 3066 3112 3113 3067
f 3067 3113 3114 3068
f 3068 3114 3069 3023
f 3069 3115 3116 3070
f 3070 3116 3117 3071
f 3071 3117 3118 3072
f 3072 3118 3119 3073
f 3073 3119 3120 3074
f 3074 3120 3121 3075
f 3075 3121 3122 3076
f 3076 3122 3123 3077
f 3077 3123 3124 3078
f 3078 3124 3125 3079
f 3079 3125 3126 3080
f 3080 3126 3127 3081
f 3081 3127 3128 3082
f 3082 3128 3129 3083
f 3083 3129 3130 3084
f 3084 3130 3131 3085
f 3085 3131 3132 3086
f 3086 3132 3133 3087
f 3087 3133 3134 3088
f 3088 3134 3135 3089
f 3089 3135 3136 3090
f 3090 3136 3137 3091
f 3091 3137 3138 3092
f 3092 3138 3139 3093
f 3093 3139 3140 3094
f 3094 3140 3141 3095
f 3095 3141 3142 3096
f 3096 3142 3143 3097
f 3097 3143 3144 3098
f 3098 3144 3145 3099
f 3099 3145 3146 3100
f 3100 3146 3147 3101
f 3101 3147 3148 3102
f 3102 3148 3149 3103
f 3103 3149 3150 3104
f 3104 3150 3151 3105
f 3105 3151 3152 3106
f 3106 3152 3153 3107
f 3107 3153 3154 3108
f 3108 3154 3155 3109
f 3109 3155 3156 3110
f 3110 3156 3157 3111
f 3111 3157 3158 3112
f 3112 3158 3159 3113
f 3113 3159 3160 3114
f 3114 3160 3115 3069
f 3115 3161 3162 3116
f 3116 3162 3163 3117
f 3117 3163 3164 3118
f 3118 3164 3165 3119
f 3119 3165 3166 3120
f 3120 3166 3167 3121
f 3121 3167 3168 3122
f 3122 3168 3169 3123
f 3123 3169 3170 3124
f 3124 3170 3171 3125
f 3125 3171 3172 3126
f 3126 3172 3173 3127
f 3127 3173 3174 3128
f 3128 3174 3175 3129
f 3129 3175 3176 3130
f 3130 3176 3177 3131
f 3131 3177 3178 3132
f 3132 3178 3179 3133
f 3133 3179 3180 3134
f 3134 3180 3181 3135
f 3135 3181 3182 3136
f 3136 3182 3183 3137
f 3137 3183 3184 3138
f 3138 3184 3185 3139
f 3139 3185 3186 3140
f 3140 3186 3187 3141
f 3141 3187 3188 3142
f 3142 3188 3189 3143
f 3143 3189 3190 3144
f 3144 3190 3191 3145
f 3145 3191 3192 3146
f 3146 3192 3193 3147
f 3147 3193 3194 3148
f 3148 3194 3195 3149
f 3149 3195 3196 3150
f 3150 3196 3197 3151
f 3151 3197 3198 3152
f 3152 3198 3199 3153
f 3153 3199 3200 3154
f 3154 3200 3201 3155
f 3155 3201 3202 3156
f 3156 3202 3203 3157
f 3157 3203 3204 3158
f 3158 3204 3205 3159
f 3159 3205 3206 3160
f 3160 3206 3161 3115
f 3161 3207 3208 3162
f 3162 3208 3209 3163
f 3163 3209 3210 3164
f 3164 3210 3211 3165
f 3165 3211 3212 3166
f 3166 3212 3213 3167
f 3167 3213 3214 3168
f 3168 3214 3215 3169
f 3169 3215 3216 3170
f 3170 3216 3217 3171
f 3171 3217 3218 3172
f 3172 3218 3219 3173
f 3173 3219 3220 3174
f 3174 3220 3221 3175
f 3175 3221 3222 3176
f 3176 3222 3223 3177
f 3177 3223 3224 3178
f 3178 3224 3225 3179
f 3179 3225 3226 3180
f 3180 3226 3227 3181
f 3181 3227 3228 3182
f 3182 3228 3229 3183
f 3183 3229 3230 3184
f 3184 3230 3231 3185
f 3185 3231 3232 3186
f 3186 3232 3233 3187
f 3187 3233 3234 3188
f 3188 3234 3235 3189
f 3189 3235 3236 3190
f 3190 3236 3237 3191
f 3191 3237 3238 3192
f 3192 3238 3239 3193
f 3193 3239 3240 3194
f 3194 3240 3241 3195
f 3195 3241 3242 3196
f 3196 3242 3243 3197
f 3197 3243 3244 3198
f 3198 3244 3245 3199
f 3199 3245 3246 3200
f 3200 3246 3247 3201
f 3201 3247 3248 3202
f 3202 3248 3249 3203
f 3203 3249 3250 3204
f 3204 3250 3251 3205
f 3205 3251 3252 3206
f 3206 3252 3207 3161
f 3207 3253 3254 3208
f 3208 3254 3255 3209
f 3209 3255 3256 3210
f 3210 3256 3257 3211
f 3211 3257 3258 3212
f 3212 3258 3259 3213
f 3213 3259 3260 3214
f 3214 3260 3261 3215
f 3215 3261 3262 3216
f 3216 3262 3263 3217
f 3217 3263 3264 3218
f 3218 3264 3265 3219
f 3219 3265 3266 3220
f 3220 3266 3267 3221
f 3221 3267 3268 3222
f 3222 3268 3269 3223
f 3223 3269 3270 3224
f 3224 3270 3271 3225
f 3225 3271 3272 3226
f 3226 3272 3273 3227
f 3227 3273 3274 3228
f 3228 3274 3275 3229
f 3229 3275 3276 3230
f 3230 3276 3277 3231
f 3231 3277 3278 3232
f 3232 3278 3279 3233
f 3233 3279 3280 3234
f 3234 3280 3281 3235
f 3235 3281 3282 3236
f 3236 3282 3283 3237
f 3237 3283 3284 3238
f 3238 3284 3285 3239
f 3239 3285 3286 3240
f 3240 3286 3287 3241
f 3241 3287 3288 3242
f 3242 3288 3289 3243
f 3243 3289 3290 3244
f 3244 3290 3291 3245
f 3245 3291 3292 3246
f 3246 3292 3293 3247
f 3247 3293 3294 3248
f 3248 3294 3295 3249
f 3249 3295 3296 3250
f 3250 3296 3297 3251
f 3251 3297 3298 3252
f 3252 3298 3253 3207
f 3253 3299 3300 3254
f 3254 3300 3301 3255
f 3255 3301 3302 3256
f 3256 3302 3303 3257
f 3257 3303 3304 3258
f 3258 3304 3305 3259
f 3259 3305 3306 3260
f 3260 3306 3307 3261
f 3261 3307 3308 3262
f 3262 3308 3309 3263
f 3263 3309 3310 3264
f 3264 3310 3311 3265
f 3265 3311 3312 3266
f 3266 3312 3313 3267
f 3267 3313 3314 3268
f 3268 3314 3315 3269
f 3269 3315 3316 3270
f 3270 3316 3317 3271
f 3271 3317 3318 3272
f 3272 3318 3319 3273
f 3273 3319 3320 3274
f 3274 3320 3321 3275
f 3275 3321 3322 3276
f 3276 3322 3323 3277
f 3277 3323 3324 3278
f 3278 3324 3325 3279
f 3279 3325 3326 3280
f 3280 3326 3327 3281
f 3281 3327 3328 3282
f 3282 3328 3329 3283
f 3283 3329 3330 3284
f 3284 3330 3331 3285
f 3285 3331 3332 3286
f 3286 3332 3333 3287
f 3287 3333 3334 3288
f 3288 3334 3335 3289
f 3289 3335 3336 3290
f 3290 3336 3337 3291
f 3291 3337 3338 3292
f 3292 3338 3339 3293
f 3293 3339 3340 3294
f 3294 3340 3341 3295
f 3295 3341 3342 3296
f 3296 3342 3343 3297
f 3297 3343 3344 3298
f 3298 3344 3299 3253
f 3299 3345 3346 3300
f 3300 3346 3347 3301
f 3301 3347 3348 3302
f 3302 3348 3349 3303
f 3303 3349 3350 3304
f 3304 3350 3351 3305
f 3305 3351 3352 3306
f 3306 3352 3353 3307
f 3307 3353 3354 3308
f 3308 3354 3355 3309
f 3309 3355 3356 3310
f 3310 3356 3357 3311
f 3311 3357 3358 3312
f 3312 3358 3359 3313
f 3313 3359 3360 3314
f 3314 3360 3361 3315
f 3315 3361 3362 3316
f 3316 3362 3363 3317
f 3317 3363 3364 3318
f 3318 3364 3365 3319
f 3319 3365 3366 3320
f 3320 3366 3367 3321
f 3321 3367 3368 3322
f 3322 3368 3369 3323
f 3323 3369 3370 3324
f 3324 3370 3371 3325
f 3325 3371 3372 3326
f 3326 3372 3373 3327
f 3327 3373 3374 3328
f 3328 3374 3375 3329
f 3329 3375 3376 3330
f 3330 3376 3377 3331
f 3331 3377 3378 3332
f 3332 3378 3379 3333
f 3333 3379 3380 3334
f 3334 3380 3381 3335
f 3335 3381 3382 3336
f 3336 3382 3383 3337
f 3337 3383 3384 3338
f 3338 3384 3385 3339
f 3339 3385 3386 3340
f 3340 3386 3387 3341
f 3341 3387 3388 3342
f 3342 3388 3389 3343
f 3343 3389 3390 3344
f 3344 3390 3345 3299
f 3345 3391 3392 3346
f 3346 3392 3393 3347
f 3347 3393 3394 3348
f 3348 3394 3395 3349
f 3349 3395 3396 3350
f 3350 3396 3397 3351
f 3351 3397 3398 3352
f 3352 3398 3399 3353
f 3353 3399 3400 3354
f 3354 3400 3401 3355
f 3355 3401 3402 3356
f 3356 3402 3403 3357
f 3357 3403 3404 3358
f 3358 3404 3405 3359
f 3359 3405 3406 3360
f 3360 3406 3407 3361
f 3361 3407 3408 3362
f 3362 3408 3409 3363
f 3363 3409 3410 3364
f 3364 3410 3411 3365
f 3365 3411 3412 3366
f 3366 3412 3413 3367
f 3367 3413 3414 3368
f 3368 3414 3415 3369
f 3369 3415 3416 3370
f 3370 3416 3417 3371
f 3371 3417 3418 3372
f 3372 3418 3419 3373
f 3373 3419 3420 3374
f 3374 3420 3421 3375
f 3375 3421 3422 3376
f 3376 3422 3423 3377
f 3377 3423 3424 3378
f 3378 3424 3425 3379
f 3379 3425 3426 3380
f 3380 3426 3427 3381
f 3381 3427 3428 3382
f 3382 3428 3429 3383
f 3383 3429 3430 3384
f 3384 3430 3431 3385
f 3385 3431 3432 3386
f 3386 3432 3433 3387
f 3387 3433 3434 3388
f 3388 3434 3435 3389
f 3389 3435 3436 3390
f 3390 3436 3391 3345
f 2747 2748 2749 2750 2751 2752 2753 2754 2755 2756 2757 2758 2759 2760 2761 2762 2763 2764 2765 2766 2767 2768 2769 2770 2771 2772 2773 2774 2775 2776 2777 2778 2779 2780 2781 2782 2783 2784 2785 2786 2787 2788 2789 2790 2791 2792
f 3436 3435 3434 3433 3432 3431 3430 3429 3428 3427 3426 3425 3424 3423 3422 3421 3420 3419 3418 3417 3416 3415 3414 3413 3412 3411 3410 3409 3408 3407 3406 3405 3404 3403 3402 3401 3400 3399 3398 3397 3396 3395 3394 3393 3392 3391
f 3437 3438 3442 3441
f 3438 3439 3443 3442
f 3439 3440 3444 3443
f 3440 3437 3441 3444
f 3445 3446 3450 3449
f 3446 3447 3451 3450
f 3447 3448 3452 3451
f 3448 3445 3449 3452
f 3453 3454 3458 3457
f 3454 3455 3459 3458
f 3455 3456 3460 3459
f 3456 3453 3457 3460
f 3461 3462 3466 3465
f 3462 3463 3467 3466
f 3463 3464 3468 3467
f 3464 3461 3465 3468
